{"cluster_count": 3, "cluster_speeds": [[0.9065, 0.833, 0.9065, 0.98, 0.81585, 0.7497, 0.81585, 0.882, 0.45325, 0.4165, 0.45325, 0.49, 0.299145, 0.27489, 0.299145, 0.3234, 0.3626, 0.3332, 0.3626, 0.392, 0.5439, 0.4998, 0.5439, 0.588, 0.6475, 0.595, 0.6475, 0.7, 0.37, 0.34, 0.37, 0.4, 0.30525, 0.2805, 0.30525, 0.33, 0.4625, 0.425, 0.4625, 0.5, 0.6475, 0.595, 0.6475, 0.7, 0.74, 0.68, 0.74, 0.8, 0.63455, 0.5831, 0.63455, 0.686, 0.45325, 0.4165, 0.45325, 0.49, 0.5439, 0.4998, 0.5439, 0.588, 0.63455, 0.5831, 0.63455, 0.686, 0.81585, 0.7497, 0.81585, 0.882, 0.9065, 0.833, 0.9065, 0.98, 0.98], [0.91575, 0.8415, 0.91575, 0.99, 0.824175, 0.75735, 0.824175, 0.891, 0.457875, 0.42075, 0.457875, 0.495, 0.302198, 0.277695, 0.302198, 0.3267, 0.3663, 0.3366, 0.3663, 0.396, 0.54945, 0.5049, 0.54945, 0.594, 0.6475, 0.595, 0.6475, 0.7, 0.37, 0.34, 0.37, 0.4, 0.30525, 0.2805, 0.30525, 0.33, 0.4625, 0.425, 0.4625, 0.5, 0.6475, 0.595, 0.6475, 0.7, 0.74, 0.68, 0.74, 0.8, 0.641025, 0.58905, 0.641025, 0.693, 0.457875, 0.42075, 0.457875, 0.495, 0.54945, 0.5049, 0.54945, 0.594, 0.641025, 0.58905, 0.641025, 0.693, 0.824175, 0.75735, 0.824175, 0.891, 0.91575, 0.8415, 0.91575, 0.99, 0.99], [0.925, 0.85, 0.925, 1.0, 0.8325, 0.765, 0.8325, 0.9, 0.4625, 0.425, 0.4625, 0.5, 0.30525, 0.2805, 0.30525, 0.33, 0.37, 0.34, 0.37, 0.4, 0.555, 0.51, 0.555, 0.6, 0.6475, 0.595, 0.6475, 0.7, 0.37, 0.34, 0.37, 0.4, 0.30525, 0.2805, 0.30525, 0.33, 0.4625, 0.425, 0.4625, 0.5, 0.6475, 0.595, 0.6475, 0.7, 0.74, 0.68, 0.74, 0.8, 0.6475, 0.595, 0.6475, 0.7, 0.4625, 0.425, 0.4625, 0.5, 0.555, 0.51, 0.555, 0.6, 0.6475, 0.595, 0.6475, 0.7, 0.8325, 0.765, 0.8325, 0.9, 0.925, 0.85, 0.925, 1.0, 1.0]], "clusters": [[-1, 2, 2, 2, 2, 2, 2, 2, 2, 2, 2, 2, 2, 2, 2, 2, -1], [0, -1, 0, 0, 0, 0, 0, 0, 0, 0, 0, 0, 0, 0, 0, 0, 0], [0, 0, -1, 0, 0, 0, 0, 0, 0, 0, 0, 0, 0, 0, 0, 0, 0], [0, 0, 0, -1, 0, 0, 0, 0, 0, 0, 0, 0, 0, 0, 0, 0, 0], [0, 0, 0, 0, -1, 0, 0, 0, 0, 0, 0, 0, 0, 0, 0, 0, 0], [0, 0, 0, 0, 0, -1, 0, 0, 0, 0, 0, 0, 0, 0, 0, 0, 0], [0, 0, 0, 0, 0, 0, -1, 0, 0, 0, 0, 0, 0, 0, 0, 0, 0], [0, 0, 0, 0, 0, 0, 0, -1, 0, 0, 0, 0, 0, 0, 0, 0, 0], [0, 0, 0, 0, 0, 0, 0, 0, -1, 0, 0, 0, 0, 0, 0, 0, 0], [0, 0, 0, 0, 0, 0, 0, 0, 0, -1, 0, 0, 0, 0, 0, 0, 0], [0, 0, 0, 0, 0, 0, 0, 0, 0, 0, -1, 0, 0, 0, 0, 0, 0], [0, 0, 0, 0, 0, 0, 0, 0, 0, 0, 0, -1, 0, 0, 0, 0, 0], [0, 0, 0, 0, 0, 0, 0, 0, 0, 0, 0, 0, -1, 0, 0, 0, 0], [0, 0, 0, 0, 0, 0, 0, 0, 0, 0, 0, 0, 0, -1, 0, 0, 0], [0, 0, 0, 0, 0, 0, 0, 0, 0, 0, 0, 0, 0, 0, -1, 0, 0], [0, 0, 0, 0, 0, 0, 0, 0, 0, 0, 0, 0, 0, 0, 0, -1, 0], [-1, 2, 2, 2, 2, 2, 2, 2, 2, 2, 2, 2, 2, 2, 2, 2, -1]], "dataset_name": "guerriero_et_al_2014b", "digraph": {"arc_count": 240, "arcs": [[0, 1, 1, 1, 1, 1, 1, 1, 1, 1, 1, 1, 1, 1, 1, 1, 0], [0, 0, 1, 1, 1, 1, 1, 1, 1, 1, 1, 1, 1, 1, 1, 1, 1], [0, 1, 0, 1, 1, 1, 1, 1, 1, 1, 1, 1, 1, 1, 1, 1, 1], [0, 1, 1, 0, 1, 1, 1, 1, 1, 1, 1, 1, 1, 1, 1, 1, 1], [0, 1, 1, 1, 0, 1, 1, 1, 1, 1, 1, 1, 1, 1, 1, 1, 1], [0, 1, 1, 1, 1, 0, 1, 1, 1, 1, 1, 1, 1, 1, 1, 1, 1], [0, 1, 1, 1, 1, 1, 0, 1, 1, 1, 1, 1, 1, 1, 1, 1, 1], [0, 1, 1, 1, 1, 1, 1, 0, 1, 1, 1, 1, 1, 1, 1, 1, 1], [0, 1, 1, 1, 1, 1, 1, 1, 0, 1, 1, 1, 1, 1, 1, 1, 1], [0, 1, 1, 1, 1, 1, 1, 1, 1, 0, 1, 1, 1, 1, 1, 1, 1], [0, 1, 1, 1, 1, 1, 1, 1, 1, 1, 0, 1, 1, 1, 1, 1, 1], [0, 1, 1, 1, 1, 1, 1, 1, 1, 1, 1, 0, 1, 1, 1, 1, 1], [0, 1, 1, 1, 1, 1, 1, 1, 1, 1, 1, 1, 0, 1, 1, 1, 1], [0, 1, 1, 1, 1, 1, 1, 1, 1, 1, 1, 1, 1, 0, 1, 1, 1], [0, 1, 1, 1, 1, 1, 1, 1, 1, 1, 1, 1, 1, 1, 0, 1, 1], [0, 1, 1, 1, 1, 1, 1, 1, 1, 1, 1, 1, 1, 1, 1, 0, 1], [0, 0, 0, 0, 0, 0, 0, 0, 0, 0, 0, 0, 0, 0, 0, 0, 0]], "vertex_count": 17}, "distances": [[0, 71.77, 72.39, 71.31, 76.43, 57.18, 57.95, 75.62, 71.65, 70.59, 61.02, 76.83, 73.31, 69.37, 67.8, 67.01, 0], [0, 0.0, 8.2, 7.14, 8.6, 14.8, 13.88, 13.12, 10.13, 13.68, 11.32, 6.1, 14.59, 6.96, 5.75, 4.76, 71.77], [0, 8.2, 0.0, 15.32, 4.21, 18.07, 15.64, 5.31, 5.28, 5.88, 12.05, 6.72, 6.39, 9.58, 12.96, 9.45, 72.39], [0, 7.14, 15.32, 0.0, 15.41, 14.67, 15.43, 20.24, 10.04, 20.62, 14.42, 12.09, 21.7, 13.65, 4.48, 8.23, 71.31], [0, 8.6, 4.21, 15.41, 0.0, 21.24, 19.18, 5.6, 6.36, 9.06, 15.7, 10.93, 8.3, 7.07, 14.23, 11.65, 76.43], [0, 14.8, 18.07, 14.67, 21.24, 0.0, 19.27, 22.98, 15.33, 19.81, 6.65, 20.43, 22.31, 14.72, 10.7, 10.14, 57.18], [0, 13.88, 15.64, 15.43, 19.18, 19.27, 0.0, 20.26, 13.76, 16.71, 15.97, 18.95, 19.31, 12.3, 11.05, 9.13, 57.95], [0, 13.12, 5.31, 20.24, 5.6, 22.98, 20.26, 0.0, 10.33, 5.27, 16.62, 9.57, 11.7, 8.41, 18.21, 14.76, 75.62], [0, 10.13, 5.28, 10.04, 6.36, 15.33, 13.76, 10.33, 0.0, 10.77, 10.66, 5.19, 11.66, 4.3, 8.0, 5.37, 71.65], [0, 13.68, 5.88, 20.62, 9.06, 19.81, 16.71, 5.27, 10.77, 0.0, 13.18, 12.42, 12.27, 7.04, 17.57, 13.52, 70.59], [0, 11.32, 12.05, 14.42, 15.7, 6.65, 15.97, 16.62, 10.66, 13.18, 0.0, 15.82, 15.72, 8.73, 9.95, 6.84, 61.02], [0, 6.1, 6.72, 12.09, 10.93, 20.43, 18.95, 9.57, 5.19, 12.42, 15.82, 0.0, 12.11, 8.2, 11.81, 10.31, 76.83], [0, 14.59, 6.39, 21.7, 8.3, 22.31, 19.31, 11.7, 11.66, 12.27, 15.72, 12.11, 0.0, 8.62, 19.09, 15.25, 73.31], [0, 6.96, 9.58, 13.65, 7.07, 14.72, 12.3, 8.41, 4.3, 7.04, 8.73, 8.2, 8.62, 0.0, 10.56, 6.63, 69.37], [0, 5.75, 12.96, 4.48, 14.23, 10.7, 11.05, 18.21, 8.0, 17.57, 9.95, 11.81, 19.09, 10.56, 0.0, 4.22, 67.8], [0, 4.76, 9.45, 8.23, 11.65, 10.14, 9.13, 14.76, 5.37, 13.52, 6.84, 10.31, 15.25, 6.63, 4.22, 0.0, 67.01], [0, 0, 0, 0, 0, 0, 0, 0, 0, 0, 0, 0, 0, 0, 0, 0, 0]], "end_depot": 16, "horizon": [0.0, 1700.0], "instance_name": "15_98_B_25_A1", "speed_zone_count": 73, "speed_zones": [[0.0, 15.0], [15.0, 30.0], [30.0, 45.0], [45.0, 60.0], [60.0, 75.0], [75.0, 90.0], [90.0, 105.0], [105.0, 120.0], [120.0, 135.0], [135.0, 150.0], [150.0, 165.0], [165.0, 180.0], [180.0, 195.0], [195.0, 210.0], [210.0, 225.0], [225.0, 240.0], [240.0, 255.0], [255.0, 270.0], [270.0, 285.0], [285.0, 300.0], [300.0, 315.0], [315.0, 330.0], [330.0, 345.0], [345.0, 360.0], [360.0, 375.0], [375.0, 390.0], [390.0, 405.0], [405.0, 420.0], [420.0, 435.0], [435.0, 450.0], [450.0, 465.0], [465.0, 480.0], [480.0, 495.0], [495.0, 510.0], [510.0, 525.0], [525.0, 540.0], [540.0, 555.0], [555.0, 570.0], [570.0, 585.0], [585.0, 600.0], [600.0, 615.0], [615.0, 630.0], [630.0, 645.0], [645.0, 660.0], [660.0, 675.0], [675.0, 690.0], [690.0, 705.0], [705.0, 720.0], [720.0, 735.0], [735.0, 750.0], [750.0, 765.0], [765.0, 780.0], [780.0, 795.0], [795.0, 810.0], [810.0, 825.0], [825.0, 840.0], [840.0, 855.0], [855.0, 870.0], [870.0, 885.0], [885.0, 900.0], [900.0, 915.0], [915.0, 930.0], [930.0, 945.0], [945.0, 960.0], [960.0, 975.0], [975.0, 990.0], [990.0, 1005.0], [1005.0, 1020.0], [1020.0, 1035.0], [1035.0, 1050.0], [1050.0, 1065.0], [1065.0, 1080.0], [1080.0, 1700.0]], "start_depot": 0, "time_windows": [[0.0, 1700.0], [10.0, 120.0], [13.0, 131.0], [18.0, 150.0], [24.0, 174.0], [35.0, 220.0], [51.0, 284.0], [65.0, 340.0], [70.0, 359.0], [75.0, 380.0], [81.0, 403.0], [87.0, 428.0], [92.0, 447.0], [95.0, 459.0], [102.0, 488.0], [105.0, 499.0], [0.0, 1700.0]], "vehicle_count": 1}