{"cluster_count": 3, "cluster_speeds": [[0.9065, 0.833, 0.9065, 0.98, 0.81585, 0.7497, 0.81585, 0.882, 0.45325, 0.4165, 0.45325, 0.49, 0.299145, 0.27489, 0.299145, 0.3234, 0.3626, 0.3332, 0.3626, 0.392, 0.5439, 0.4998, 0.5439, 0.588, 0.6475, 0.595, 0.6475, 0.7, 0.37, 0.34, 0.37, 0.4, 0.30525, 0.2805, 0.30525, 0.33, 0.4625, 0.425, 0.4625, 0.5, 0.6475, 0.595, 0.6475, 0.7, 0.74, 0.68, 0.74, 0.8, 0.63455, 0.5831, 0.63455, 0.686, 0.45325, 0.4165, 0.45325, 0.49, 0.5439, 0.4998, 0.5439, 0.588, 0.63455, 0.5831, 0.63455, 0.686, 0.81585, 0.7497, 0.81585, 0.882, 0.9065, 0.833, 0.9065, 0.98, 0.98], [0.91575, 0.8415, 0.91575, 0.99, 0.824175, 0.75735, 0.824175, 0.891, 0.457875, 0.42075, 0.457875, 0.495, 0.302198, 0.277695, 0.302198, 0.3267, 0.3663, 0.3366, 0.3663, 0.396, 0.54945, 0.5049, 0.54945, 0.594, 0.6475, 0.595, 0.6475, 0.7, 0.37, 0.34, 0.37, 0.4, 0.30525, 0.2805, 0.30525, 0.33, 0.4625, 0.425, 0.4625, 0.5, 0.6475, 0.595, 0.6475, 0.7, 0.74, 0.68, 0.74, 0.8, 0.641025, 0.58905, 0.641025, 0.693, 0.457875, 0.42075, 0.457875, 0.495, 0.54945, 0.5049, 0.54945, 0.594, 0.641025, 0.58905, 0.641025, 0.693, 0.824175, 0.75735, 0.824175, 0.891, 0.91575, 0.8415, 0.91575, 0.99, 0.99], [0.925, 0.85, 0.925, 1.0, 0.8325, 0.765, 0.8325, 0.9, 0.4625, 0.425, 0.4625, 0.5, 0.30525, 0.2805, 0.30525, 0.33, 0.37, 0.34, 0.37, 0.4, 0.555, 0.51, 0.555, 0.6, 0.6475, 0.595, 0.6475, 0.7, 0.37, 0.34, 0.37, 0.4, 0.30525, 0.2805, 0.30525, 0.33, 0.4625, 0.425, 0.4625, 0.5, 0.6475, 0.595, 0.6475, 0.7, 0.74, 0.68, 0.74, 0.8, 0.6475, 0.595, 0.6475, 0.7, 0.4625, 0.425, 0.4625, 0.5, 0.555, 0.51, 0.555, 0.6, 0.6475, 0.595, 0.6475, 0.7, 0.8325, 0.765, 0.8325, 0.9, 0.925, 0.85, 0.925, 1.0, 1.0]], "clusters": [[-1, 2, 2, 2, 2, 2, 2, 2, 2, 2, 2, 2, 2, 2, 2, 2, -1], [0, -1, 0, 0, 0, 0, 0, 0, 0, 0, 0, 0, 0, 0, 0, 0, 0], [1, 1, -1, 1, 1, 1, 1, 1, 1, 1, 1, 1, 1, 1, 1, 1, 1], [0, 0, 0, -1, 0, 0, 0, 0, 0, 0, 0, 0, 0, 0, 0, 0, 0], [0, 0, 0, 0, -1, 0, 0, 0, 0, 0, 0, 0, 0, 0, 0, 0, 0], [0, 0, 0, 0, 0, -1, 0, 0, 0, 0, 0, 0, 0, 0, 0, 0, 0], [0, 0, 0, 0, 0, 0, -1, 0, 0, 0, 0, 0, 0, 0, 0, 0, 0], [0, 0, 0, 0, 0, 0, 0, -1, 0, 0, 0, 0, 0, 0, 0, 0, 0], [0, 0, 0, 0, 0, 0, 0, 0, -1, 0, 0, 0, 0, 0, 0, 0, 0], [1, 1, 1, 1, 1, 1, 1, 1, 1, -1, 1, 1, 1, 1, 1, 1, 1], [0, 0, 0, 0, 0, 0, 0, 0, 0, 0, -1, 0, 0, 0, 0, 0, 0], [0, 0, 0, 0, 0, 0, 0, 0, 0, 0, 0, -1, 0, 0, 0, 0, 0], [0, 0, 0, 0, 0, 0, 0, 0, 0, 0, 0, 0, -1, 0, 0, 0, 0], [0, 0, 0, 0, 0, 0, 0, 0, 0, 0, 0, 0, 0, -1, 0, 0, 0], [1, 1, 1, 1, 1, 1, 1, 1, 1, 1, 1, 1, 1, 1, -1, 1, 1], [0, 0, 0, 0, 0, 0, 0, 0, 0, 0, 0, 0, 0, 0, 0, -1, 0], [-1, 2, 2, 2, 2, 2, 2, 2, 2, 2, 2, 2, 2, 2, 2, 2, -1]], "dataset_name": "guerriero_et_al_2014b", "digraph": {"arc_count": 240, "arcs": [[0, 1, 1, 1, 1, 1, 1, 1, 1, 1, 1, 1, 1, 1, 1, 1, 0], [0, 0, 1, 1, 1, 1, 1, 1, 1, 1, 1, 1, 1, 1, 1, 1, 1], [0, 1, 0, 1, 1, 1, 1, 1, 1, 1, 1, 1, 1, 1, 1, 1, 1], [0, 1, 1, 0, 1, 1, 1, 1, 1, 1, 1, 1, 1, 1, 1, 1, 1], [0, 1, 1, 1, 0, 1, 1, 1, 1, 1, 1, 1, 1, 1, 1, 1, 1], [0, 1, 1, 1, 1, 0, 1, 1, 1, 1, 1, 1, 1, 1, 1, 1, 1], [0, 1, 1, 1, 1, 1, 0, 1, 1, 1, 1, 1, 1, 1, 1, 1, 1], [0, 1, 1, 1, 1, 1, 1, 0, 1, 1, 1, 1, 1, 1, 1, 1, 1], [0, 1, 1, 1, 1, 1, 1, 1, 0, 1, 1, 1, 1, 1, 1, 1, 1], [0, 1, 1, 1, 1, 1, 1, 1, 1, 0, 1, 1, 1, 1, 1, 1, 1], [0, 1, 1, 1, 1, 1, 1, 1, 1, 1, 0, 1, 1, 1, 1, 1, 1], [0, 1, 1, 1, 1, 1, 1, 1, 1, 1, 1, 0, 1, 1, 1, 1, 1], [0, 1, 1, 1, 1, 1, 1, 1, 1, 1, 1, 1, 0, 1, 1, 1, 1], [0, 1, 1, 1, 1, 1, 1, 1, 1, 1, 1, 1, 1, 0, 1, 1, 1], [0, 1, 1, 1, 1, 1, 1, 1, 1, 1, 1, 1, 1, 1, 0, 1, 1], [0, 1, 1, 1, 1, 1, 1, 1, 1, 1, 1, 1, 1, 1, 1, 0, 1], [0, 0, 0, 0, 0, 0, 0, 0, 0, 0, 0, 0, 0, 0, 0, 0, 0]], "vertex_count": 17}, "distances": [[0, 60.6, 58.22, 70.81, 78.41, 72.12, 70.99, 56.17, 79.88, 75.12, 68.75, 66.72, 65.24, 68.5, 80.27, 73.78, 0], [0, 0.0, 11.41, 17.5, 24.4, 12.07, 21.04, 6.11, 19.76, 24.24, 11.79, 8.84, 4.66, 13.9, 26.22, 19.11, 60.6], [0, 11.41, 0.0, 28.76, 35.24, 20.94, 32.43, 14.98, 27.55, 35.51, 22.76, 10.11, 13.18, 25.17, 36.96, 30.08, 58.22], [0, 17.5, 28.76, 0.0, 7.82, 11.72, 4.43, 17.27, 14.77, 6.75, 6.29, 22.12, 16.2, 11.97, 9.76, 10.39, 70.81], [0, 24.4, 35.24, 7.82, 0.0, 15.49, 7.92, 24.94, 14.35, 4.82, 12.61, 27.31, 22.15, 10.98, 10.82, 5.35, 78.41], [0, 12.07, 20.94, 11.72, 15.49, 0.0, 16.16, 16.0, 7.78, 17.48, 6.45, 11.99, 8.06, 9.41, 16.91, 11.28, 72.12], [0, 21.04, 32.43, 4.43, 7.92, 16.16, 0.0, 19.78, 18.62, 4.18, 10.55, 26.35, 20.28, 7.54, 9.56, 5.95, 70.99], [0, 6.11, 14.98, 17.27, 24.94, 16.0, 19.78, 0.0, 23.72, 23.58, 13.12, 14.92, 10.26, 13.97, 26.87, 19.64, 56.17], [0, 19.76, 27.55, 14.77, 14.35, 7.78, 18.62, 23.72, 0.0, 18.15, 12.29, 17.7, 15.47, 14.23, 14.97, 12.69, 79.88], [0, 24.24, 35.51, 6.75, 4.82, 17.48, 4.18, 23.58, 18.15, 0.0, 12.91, 28.62, 22.86, 10.34, 5.99, 6.21, 75.12], [0, 11.79, 22.76, 6.29, 12.61, 6.45, 10.55, 13.12, 12.29, 12.91, 0.0, 15.84, 9.95, 13.02, 14.44, 7.34, 68.75], [0, 8.84, 10.11, 22.12, 27.31, 11.99, 26.35, 14.92, 17.7, 28.62, 15.84, 0.0, 6.33, 18.83, 28.83, 22.62, 66.72], [0, 4.66, 13.18, 16.2, 22.15, 8.06, 20.28, 10.26, 15.47, 22.86, 9.95, 6.33, 0.0, 12.76, 23.83, 17.11, 65.24], [0, 13.9, 25.17, 11.97, 10.98, 9.41, 7.54, 13.97, 14.23, 10.34, 13.02, 18.83, 12.76, 0.0, 12.9, 5.68, 68.5], [0, 26.22, 36.96, 9.76, 10.82, 16.91, 9.56, 26.87, 14.97, 5.99, 14.44, 28.83, 23.83, 12.9, 0.0, 7.25, 80.27], [0, 19.11, 30.08, 10.39, 5.35, 11.28, 5.95, 19.64, 12.69, 6.21, 7.34, 22.62, 17.11, 5.68, 7.25, 0.0, 73.78], [0, 0, 0, 0, 0, 0, 0, 0, 0, 0, 0, 0, 0, 0, 0, 0, 0]], "end_depot": 16, "horizon": [0.0, 2000.0], "instance_name": "15_98_B_75_B6", "speed_zone_count": 73, "speed_zones": [[0.0, 15.0], [15.0, 30.0], [30.0, 45.0], [45.0, 60.0], [60.0, 75.0], [75.0, 90.0], [90.0, 105.0], [105.0, 120.0], [120.0, 135.0], [135.0, 150.0], [150.0, 165.0], [165.0, 180.0], [180.0, 195.0], [195.0, 210.0], [210.0, 225.0], [225.0, 240.0], [240.0, 255.0], [255.0, 270.0], [270.0, 285.0], [285.0, 300.0], [300.0, 315.0], [315.0, 330.0], [330.0, 345.0], [345.0, 360.0], [360.0, 375.0], [375.0, 390.0], [390.0, 405.0], [405.0, 420.0], [420.0, 435.0], [435.0, 450.0], [450.0, 465.0], [465.0, 480.0], [480.0, 495.0], [495.0, 510.0], [510.0, 525.0], [525.0, 540.0], [540.0, 555.0], [555.0, 570.0], [570.0, 585.0], [585.0, 600.0], [600.0, 615.0], [615.0, 630.0], [630.0, 645.0], [645.0, 660.0], [660.0, 675.0], [675.0, 690.0], [690.0, 705.0], [705.0, 720.0], [720.0, 735.0], [735.0, 750.0], [750.0, 765.0], [765.0, 780.0], [780.0, 795.0], [795.0, 810.0], [810.0, 825.0], [825.0, 840.0], [840.0, 855.0], [855.0, 870.0], [870.0, 885.0], [885.0, 900.0], [900.0, 915.0], [915.0, 930.0], [930.0, 945.0], [945.0, 960.0], [960.0, 975.0], [975.0, 990.0], [990.0, 1005.0], [1005.0, 1020.0], [1020.0, 1035.0], [1035.0, 1050.0], [1050.0, 1065.0], [1065.0, 1080.0], [1080.0, 2000.0]], "start_depot": 0, "time_windows": [[0.0, 1700.0], [21.0, 107.0], [31.0, 121.0], [57.0, 156.0], [67.0, 169.0], [93.0, 204.0], [127.0, 249.0], [172.0, 309.0], [213.0, 363.0], [237.0, 396.0], [253.0, 417.0], [272.0, 442.0], [279.0, 452.0], [299.0, 478.0], [325.0, 513.0], [342.0, 535.0], [0.0, 1700.0]], "vehicle_count": 1}