{"cluster_count": 3, "cluster_speeds": [[0.925, 0.85, 0.925, 1.0, 0.8325, 0.765, 0.8325, 0.9, 0.4625, 0.425, 0.4625, 0.5, 0.30525, 0.2805, 0.30525, 0.33, 0.37, 0.34, 0.37, 0.4, 0.555, 0.51, 0.555, 0.6, 0.6475, 0.595, 0.6475, 0.7, 0.37, 0.34, 0.37, 0.4, 0.30525, 0.2805, 0.30525, 0.33, 0.4625, 0.425, 0.4625, 0.5, 0.6475, 0.595, 0.6475, 0.7, 0.74, 0.68, 0.74, 0.8, 0.6475, 0.595, 0.6475, 0.7, 0.4625, 0.425, 0.4625, 0.5, 0.555, 0.51, 0.555, 0.6, 0.6475, 0.595, 0.6475, 0.7, 0.8325, 0.765, 0.8325, 0.9, 0.925, 0.85, 0.925, 1.0, 1.0], [0.6475, 0.595, 0.6475, 0.7, 0.58275, 0.5355, 0.58275, 0.63, 0.32375, 0.2975, 0.32375, 0.35, 0.213675, 0.19635, 0.213675, 0.231, 0.259, 0.238, 0.259, 0.28, 0.3885, 0.357, 0.3885, 0.42, 0.6475, 0.595, 0.6475, 0.7, 0.37, 0.34, 0.37, 0.4, 0.30525, 0.2805, 0.30525, 0.33, 0.4625, 0.425, 0.4625, 0.5, 0.6475, 0.595, 0.6475, 0.7, 0.74, 0.68, 0.74, 0.8, 0.45325, 0.4165, 0.45325, 0.49, 0.32375, 0.2975, 0.32375, 0.35, 0.3885, 0.357, 0.3885, 0.42, 0.45325, 0.4165, 0.45325, 0.49, 0.58275, 0.5355, 0.58275, 0.63, 0.6475, 0.595, 0.6475, 0.7, 0.7], [0.87875, 0.8075, 0.87875, 0.95, 0.790875, 0.72675, 0.790875, 0.855, 0.439375, 0.40375, 0.439375, 0.475, 0.289988, 0.266475, 0.289988, 0.3135, 0.3515, 0.323, 0.3515, 0.38, 0.52725, 0.4845, 0.52725, 0.57, 0.6475, 0.595, 0.6475, 0.7, 0.37, 0.34, 0.37, 0.4, 0.30525, 0.2805, 0.30525, 0.33, 0.4625, 0.425, 0.4625, 0.5, 0.6475, 0.595, 0.6475, 0.7, 0.74, 0.68, 0.74, 0.8, 0.615125, 0.56525, 0.615125, 0.665, 0.439375, 0.40375, 0.439375, 0.475, 0.52725, 0.4845, 0.52725, 0.57, 0.615125, 0.56525, 0.615125, 0.665, 0.790875, 0.72675, 0.790875, 0.855, 0.87875, 0.8075, 0.87875, 0.95, 0.95]], "clusters": [[-1, 2, 2, 2, 2, 2, 2, 2, 2, 2, 2, 2, 2, 2, 2, 2, 2, 2, 2, 2, 2, -1], [0, -1, 0, 0, 0, 0, 0, 0, 0, 0, 0, 0, 0, 0, 0, 0, 0, 0, 0, 0, 0, 0], [0, 0, -1, 0, 0, 0, 0, 0, 0, 0, 0, 0, 0, 0, 0, 0, 0, 0, 0, 0, 0, 0], [0, 0, 0, -1, 0, 0, 0, 0, 0, 0, 0, 0, 0, 0, 0, 0, 0, 0, 0, 0, 0, 0], [0, 0, 0, 0, -1, 0, 0, 0, 0, 0, 0, 0, 0, 0, 0, 0, 0, 0, 0, 0, 0, 0], [0, 0, 0, 0, 0, -1, 0, 0, 0, 0, 0, 0, 0, 0, 0, 0, 0, 0, 0, 0, 0, 0], [0, 0, 0, 0, 0, 0, -1, 0, 0, 0, 0, 0, 0, 0, 0, 0, 0, 0, 0, 0, 0, 0], [1, 1, 1, 1, 1, 1, 1, -1, 1, 1, 1, 1, 1, 1, 1, 1, 1, 1, 1, 1, 1, 1], [0, 0, 0, 0, 0, 0, 0, 0, -1, 0, 0, 0, 0, 0, 0, 0, 0, 0, 0, 0, 0, 0], [0, 0, 0, 0, 0, 0, 0, 0, 0, -1, 0, 0, 0, 0, 0, 0, 0, 0, 0, 0, 0, 0], [1, 1, 1, 1, 1, 1, 1, 1, 1, 1, -1, 1, 1, 1, 1, 1, 1, 1, 1, 1, 1, 1], [0, 0, 0, 0, 0, 0, 0, 0, 0, 0, 0, -1, 0, 0, 0, 0, 0, 0, 0, 0, 0, 0], [0, 0, 0, 0, 0, 0, 0, 0, 0, 0, 0, 0, -1, 0, 0, 0, 0, 0, 0, 0, 0, 0], [0, 0, 0, 0, 0, 0, 0, 0, 0, 0, 0, 0, 0, -1, 0, 0, 0, 0, 0, 0, 0, 0], [0, 0, 0, 0, 0, 0, 0, 0, 0, 0, 0, 0, 0, 0, -1, 0, 0, 0, 0, 0, 0, 0], [0, 0, 0, 0, 0, 0, 0, 0, 0, 0, 0, 0, 0, 0, 0, -1, 0, 0, 0, 0, 0, 0], [0, 0, 0, 0, 0, 0, 0, 0, 0, 0, 0, 0, 0, 0, 0, 0, -1, 0, 0, 0, 0, 0], [1, 1, 1, 1, 1, 1, 1, 1, 1, 1, 1, 1, 1, 1, 1, 1, 1, -1, 1, 1, 1, 1], [0, 0, 0, 0, 0, 0, 0, 0, 0, 0, 0, 0, 0, 0, 0, 0, 0, 0, -1, 0, 0, 0], [0, 0, 0, 0, 0, 0, 0, 0, 0, 0, 0, 0, 0, 0, 0, 0, 0, 0, 0, -1, 0, 0], [1, 1, 1, 1, 1, 1, 1, 1, 1, 1, 1, 1, 1, 1, 1, 1, 1, 1, 1, 1, -1, 1], [-1, 2, 2, 2, 2, 2, 2, 2, 2, 2, 2, 2, 2, 2, 2, 2, 2, 2, 2, 2, 2, -1]], "dataset_name": "guerriero_et_al_2014b", "digraph": {"arc_count": 420, "arcs": [[0, 1, 1, 1, 1, 1, 1, 1, 1, 1, 1, 1, 1, 1, 1, 1, 1, 1, 1, 1, 1, 0], [0, 0, 1, 1, 1, 1, 1, 1, 1, 1, 1, 1, 1, 1, 1, 1, 1, 1, 1, 1, 1, 1], [0, 1, 0, 1, 1, 1, 1, 1, 1, 1, 1, 1, 1, 1, 1, 1, 1, 1, 1, 1, 1, 1], [0, 1, 1, 0, 1, 1, 1, 1, 1, 1, 1, 1, 1, 1, 1, 1, 1, 1, 1, 1, 1, 1], [0, 1, 1, 1, 0, 1, 1, 1, 1, 1, 1, 1, 1, 1, 1, 1, 1, 1, 1, 1, 1, 1], [0, 1, 1, 1, 1, 0, 1, 1, 1, 1, 1, 1, 1, 1, 1, 1, 1, 1, 1, 1, 1, 1], [0, 1, 1, 1, 1, 1, 0, 1, 1, 1, 1, 1, 1, 1, 1, 1, 1, 1, 1, 1, 1, 1], [0, 1, 1, 1, 1, 1, 1, 0, 1, 1, 1, 1, 1, 1, 1, 1, 1, 1, 1, 1, 1, 1], [0, 1, 1, 1, 1, 1, 1, 1, 0, 1, 1, 1, 1, 1, 1, 1, 1, 1, 1, 1, 1, 1], [0, 1, 1, 1, 1, 1, 1, 1, 1, 0, 1, 1, 1, 1, 1, 1, 1, 1, 1, 1, 1, 1], [0, 1, 1, 1, 1, 1, 1, 1, 1, 1, 0, 1, 1, 1, 1, 1, 1, 1, 1, 1, 1, 1], [0, 1, 1, 1, 1, 1, 1, 1, 1, 1, 1, 0, 1, 1, 1, 1, 1, 1, 1, 1, 1, 1], [0, 1, 1, 1, 1, 1, 1, 1, 1, 1, 1, 1, 0, 1, 1, 1, 1, 1, 1, 1, 1, 1], [0, 1, 1, 1, 1, 1, 1, 1, 1, 1, 1, 1, 1, 0, 1, 1, 1, 1, 1, 1, 1, 1], [0, 1, 1, 1, 1, 1, 1, 1, 1, 1, 1, 1, 1, 1, 0, 1, 1, 1, 1, 1, 1, 1], [0, 1, 1, 1, 1, 1, 1, 1, 1, 1, 1, 1, 1, 1, 1, 0, 1, 1, 1, 1, 1, 1], [0, 1, 1, 1, 1, 1, 1, 1, 1, 1, 1, 1, 1, 1, 1, 1, 0, 1, 1, 1, 1, 1], [0, 1, 1, 1, 1, 1, 1, 1, 1, 1, 1, 1, 1, 1, 1, 1, 1, 0, 1, 1, 1, 1], [0, 1, 1, 1, 1, 1, 1, 1, 1, 1, 1, 1, 1, 1, 1, 1, 1, 1, 0, 1, 1, 1], [0, 1, 1, 1, 1, 1, 1, 1, 1, 1, 1, 1, 1, 1, 1, 1, 1, 1, 1, 0, 1, 1], [0, 1, 1, 1, 1, 1, 1, 1, 1, 1, 1, 1, 1, 1, 1, 1, 1, 1, 1, 1, 0, 1], [0, 0, 0, 0, 0, 0, 0, 0, 0, 0, 0, 0, 0, 0, 0, 0, 0, 0, 0, 0, 0, 0]], "vertex_count": 22}, "distances": [[0, 77.19, 70.96, 70.72, 74.85, 66.99, 80.5, 60.16, 67.41, 69.9, 87.06, 64.73, 69.15, 71.58, 74.81, 70.75, 69.16, 60.85, 73.82, 76.77, 81.28, 0], [0, 0.0, 12.21, 13.77, 13.89, 10.44, 11.5, 20.28, 14.34, 7.73, 12.5, 12.85, 9.65, 13.39, 14.66, 11.39, 9.74, 21.27, 10.66, 14.72, 19.59, 77.19], [0, 12.21, 0.0, 21.64, 23.72, 12.54, 23.28, 10.88, 18.18, 12.5, 24.5, 14.07, 15.15, 21.77, 24.43, 21.7, 15.31, 10.78, 20.13, 13.12, 30.8, 70.96], [0, 13.77, 21.64, 0.0, 4.29, 9.94, 9.96, 23.7, 21.59, 9.15, 17.26, 10.1, 6.59, 23.28, 4.5, 20.58, 6.43, 25.7, 8.82, 12.41, 12.09, 70.72], [0, 13.89, 23.72, 4.29, 0.0, 13.19, 6.46, 27.18, 24.23, 11.62, 14.07, 13.86, 9.6, 25.28, 8.79, 22.67, 9.45, 29.05, 13.11, 12.49, 8.04, 74.85], [0, 10.44, 12.54, 9.94, 13.19, 0.0, 15.71, 13.99, 11.84, 16.82, 20.63, 20.04, 16.36, 14.21, 13.75, 11.49, 16.24, 15.87, 9.98, 9.83, 21.15, 66.99], [0, 11.5, 23.28, 9.96, 6.46, 15.71, 0.0, 29.18, 24.71, 13.2, 7.62, 17.21, 12.4, 24.63, 6.92, 22.34, 12.31, 30.71, 6.7, 10.31, 8.33, 80.5], [0, 20.28, 10.88, 23.7, 27.18, 13.99, 29.18, 0.0, 7.32, 16.04, 32.61, 13.64, 17.6, 11.42, 27.72, 10.82, 17.73, 14.72, 23.94, 20.59, 35.14, 60.16], [0, 14.34, 18.18, 21.59, 24.23, 11.84, 24.71, 7.32, 0.0, 12.63, 26.83, 12.82, 15.0, 4.36, 24.89, 18.15, 15.17, 7.4, 20.69, 15.0, 31.73, 67.41], [0, 7.73, 12.5, 9.15, 11.62, 16.82, 13.2, 16.04, 12.63, 0.0, 17.76, 5.21, 10.03, 14.14, 12.27, 11.43, 10.11, 17.71, 8.13, 6.99, 19.31, 69.9], [0, 12.5, 24.5, 17.26, 14.07, 20.63, 7.62, 32.61, 26.83, 17.76, 0.0, 22.63, 17.98, 25.49, 14.54, 23.77, 17.95, 33.72, 13.63, 12.02, 13.78, 87.06], [0, 12.85, 14.07, 10.1, 13.86, 20.04, 17.21, 13.64, 12.82, 5.21, 22.63, 0.0, 4.82, 15.72, 14.32, 13.07, 4.9, 15.73, 11.0, 12.19, 21.9, 64.73], [0, 9.65, 15.15, 6.59, 9.6, 16.36, 12.4, 17.6, 15.0, 10.03, 17.98, 4.82, 0.0, 16.8, 10.17, 14.08, 9.72, 19.46, 6.39, 8.63, 17.54, 69.15], [0, 13.39, 21.77, 23.28, 25.28, 14.21, 24.63, 11.42, 4.36, 14.14, 25.49, 15.72, 16.8, 0.0, 26.0, 21.94, 16.97, 10.98, 21.69, 14.39, 32.26, 71.58], [0, 14.66, 24.43, 4.5, 8.79, 13.75, 6.92, 27.72, 24.89, 12.27, 14.54, 14.32, 10.17, 26.0, 0.0, 23.39, 10.02, 29.62, 4.32, 13.25, 7.62, 74.81], [0, 11.39, 21.7, 20.58, 22.67, 11.49, 22.34, 10.82, 18.15, 11.43, 23.77, 13.07, 14.08, 21.94, 23.39, 0.0, 14.24, 10.96, 19.08, 12.24, 29.79, 70.75], [0, 9.74, 15.31, 6.43, 9.45, 16.24, 12.31, 17.73, 15.17, 10.11, 17.95, 4.9, 9.72, 16.97, 10.02, 14.24, 0.0, 19.6, 6.26, 8.7, 17.41, 69.16], [0, 21.27, 10.78, 25.7, 29.05, 15.87, 30.71, 14.72, 7.4, 17.71, 33.72, 15.73, 19.46, 10.98, 29.62, 10.96, 19.6, 0.0, 25.73, 21.72, 36.95, 60.85], [0, 10.66, 20.13, 8.82, 13.11, 9.98, 6.7, 23.94, 20.69, 8.13, 13.63, 11.0, 6.39, 21.69, 4.32, 19.08, 6.26, 25.73, 0.0, 9.26, 11.22, 73.82], [0, 14.72, 13.12, 12.41, 12.49, 9.83, 10.31, 20.59, 15.0, 6.99, 12.02, 12.19, 8.63, 14.39, 13.25, 12.24, 8.7, 21.72, 9.26, 0.0, 18.29, 76.77], [0, 19.59, 30.8, 12.09, 8.04, 21.15, 8.33, 35.14, 31.73, 19.31, 13.78, 21.9, 17.54, 32.26, 7.62, 29.79, 17.41, 36.95, 11.22, 18.29, 0.0, 81.28], [0, 0, 0, 0, 0, 0, 0, 0, 0, 0, 0, 0, 0, 0, 0, 0, 0, 0, 0, 0, 0, 0]], "end_depot": 21, "horizon": [0.0, 2000.0], "instance_name": "20_70_A_50_A2", "speed_zone_count": 73,