{"cluster_count": 3, "cluster_speeds": [[0.925, 0.85, 0.925, 1.0, 0.8325, 0.765, 0.8325, 0.9, 0.4625, 0.425, 0.4625, 0.5, 0.30525, 0.2805, 0.30525, 0.33, 0.37, 0.34, 0.37, 0.4, 0.555, 0.51, 0.555, 0.6, 0.6475, 0.595, 0.6475, 0.7, 0.37, 0.34, 0.37, 0.4, 0.30525, 0.2805, 0.30525, 0.33, 0.4625, 0.425, 0.4625, 0.5, 0.6475, 0.595, 0.6475, 0.7, 0.74, 0.68, 0.74, 0.8, 0.6475, 0.595, 0.6475, 0.7, 0.4625, 0.425, 0.4625, 0.5, 0.555, 0.51, 0.555, 0.6, 0.6475, 0.595, 0.6475, 0.7, 0.8325, 0.765, 0.8325, 0.9, 0.925, 0.85, 0.925, 1.0, 1.0], [0.6475, 0.595, 0.6475, 0.7, 0.58275, 0.5355, 0.58275, 0.63, 0.32375, 0.2975, 0.32375, 0.35, 0.213675, 0.19635, 0.213675, 0.231, 0.259, 0.238, 0.259, 0.28, 0.3885, 0.357, 0.3885, 0.42, 0.6475, 0.595, 0.6475, 0.7, 0.37, 0.34, 0.37, 0.4, 0.30525, 0.2805, 0.30525, 0.33, 0.4625, 0.425, 0.4625, 0.5, 0.6475, 0.595, 0.6475, 0.7, 0.74, 0.68, 0.74, 0.8, 0.45325, 0.4165, 0.45325, 0.49, 0.32375, 0.2975, 0.32375, 0.35, 0.3885, 0.357, 0.3885, 0.42, 0.45325, 0.4165, 0.45325, 0.49, 0.58275, 0.5355, 0.58275, 0.63, 0.6475, 0.595, 0.6475, 0.7, 0.7], [0.87875, 0.8075, 0.87875, 0.95, 0.790875, 0.72675, 0.790875, 0.855, 0.439375, 0.40375, 0.439375, 0.475, 0.289988, 0.266475, 0.289988, 0.3135, 0.3515, 0.323, 0.3515, 0.38, 0.52725, 0.4845, 0.52725, 0.57, 0.6475, 0.595, 0.6475, 0.7, 0.37, 0.34, 0.37, 0.4, 0.30525, 0.2805, 0.30525, 0.33, 0.4625, 0.425, 0.4625, 0.5, 0.6475, 0.595, 0.6475, 0.7, 0.74, 0.68, 0.74, 0.8, 0.615125, 0.56525, 0.615125, 0.665, 0.439375, 0.40375, 0.439375, 0.475, 0.52725, 0.4845, 0.52725, 0.57, 0.615125, 0.56525, 0.615125, 0.665, 0.790875, 0.72675, 0.790875, 0.855, 0.87875, 0.8075, 0.87875, 0.95, 0.95]], "clusters": [[-1, 2, 2, 2, 2, 2, 2, 2, 2, 2, 2, 2, 2, 2, 2, 2, 2, 2, 2, 2, 2, -1], [2, -1, 2, 2, 2, 2, 2, 2, 2, 2, 2, 2, 2, 2, 2, 2, 2, 2, 2, 2, 2, 2], [0, 0, -1, 0, 0, 0, 0, 0, 0, 0, 0, 0, 0, 0, 0, 0, 0, 0, 0, 0, 0, 0], [0, 0, 0, -1, 0, 0, 0, 0, 0, 0, 0, 0, 0, 0, 0, 0, 0, 0, 0, 0, 0, 0], [2, 2, 2, 2, -1, 2, 2, 2, 2, 2, 2, 2, 2, 2, 2, 2, 2, 2, 2, 2, 2, 2], [2, 2, 2, 2, 2, -1, 2, 2, 2, 2, 2, 2, 2, 2, 2, 2, 2, 2, 2, 2, 2, 2], [1, 1, 1, 1, 1, 1, -1, 1, 1, 1, 1, 1, 1, 1, 1, 1, 1, 1, 1, 1, 1, 1], [0, 0, 0, 0, 0, 0, 0, -1, 0, 0, 0, 0, 0, 0, 0, 0, 0, 0, 0, 0, 0, 0], [2, 2, 2, 2, 2, 2, 2, 2, -1, 2, 2, 2, 2, 2, 2, 2, 2, 2, 2, 2, 2, 2], [1, 1, 1, 1, 1, 1, 1, 1, 1, -1, 1, 1, 1, 1, 1, 1, 1, 1, 1, 1, 1, 1], [0, 0, 0, 0, 0, 0, 0, 0, 0, 0, -1, 0, 0, 0, 0, 0, 0, 0, 0, 0, 0, 0], [2, 2, 2, 2, 2, 2, 2, 2, 2, 2, 2, -1, 2, 2, 2, 2, 2, 2, 2, 2, 2, 2], [0, 0, 0, 0, 0, 0, 0, 0, 0, 0, 0, 0, -1, 0, 0, 0, 0, 0, 0, 0, 0, 0], [1, 1, 1, 1, 1, 1, 1, 1, 1, 1, 1, 1, 1, -1, 1, 1, 1, 1, 1, 1, 1, 1], [0, 0, 0, 0, 0, 0, 0, 0, 0, 0, 0, 0, 0, 0, -1, 0, 0, 0, 0, 0, 0, 0], [2, 2, 2, 2, 2, 2, 2, 2, 2, 2, 2, 2, 2, 2, 2, -1, 2, 2, 2, 2, 2, 2], [1, 1, 1, 1, 1, 1, 1, 1, 1, 1, 1, 1, 1, 1, 1, 1, -1, 1, 1, 1, 1, 1], [1, 1, 1, 1, 1, 1, 1, 1, 1, 1, 1, 1, 1, 1, 1, 1, 1, -1, 1, 1, 1, 1], [2, 2, 2, 2, 2, 2, 2, 2, 2, 2, 2, 2, 2, 2, 2, 2, 2, 2, -1, 2, 2, 2], [0, 0, 0, 0, 0, 0, 0, 0, 0, 0, 0, 0, 0, 0, 0, 0, 0, 0, 0, -1, 0, 0], [0, 0, 0, 0, 0, 0, 0, 0, 0, 0, 0, 0, 0, 0, 0, 0, 0, 0, 0, 0, -1, 0], [-1, 2, 2, 2, 2, 2, 2, 2, 2, 2, 2, 2, 2, 2, 2, 2, 2, 2, 2, 2, 2, -1]], "dataset_name": "guerriero_et_al_2014b", "digraph": {"arc_count": 420, "arcs": [[0, 1, 1, 1, 1, 1, 1, 1, 1, 1, 1, 1, 1, 1, 1, 1, 1, 1, 1, 1, 1, 0], [0, 0, 1, 1, 1, 1, 1, 1, 1, 1, 1, 1, 1, 1, 1, 1, 1, 1, 1, 1, 1, 1], [0, 1, 0, 1, 1, 1, 1, 1, 1, 1, 1, 1, 1, 1, 1, 1, 1, 1, 1, 1, 1, 1], [0, 1, 1, 0, 1, 1, 1, 1, 1, 1, 1, 1, 1, 1, 1, 1, 1, 1, 1, 1, 1, 1], [0, 1, 1, 1, 0, 1, 1, 1, 1, 1, 1, 1, 1, 1, 1, 1, 1, 1, 1, 1, 1, 1], [0, 1, 1, 1, 1, 0, 1, 1, 1, 1, 1, 1, 1, 1, 1, 1, 1, 1, 1, 1, 1, 1], [0, 1, 1, 1, 1, 1, 0, 1, 1, 1, 1, 1, 1, 1, 1, 1, 1, 1, 1, 1, 1, 1], [0, 1, 1, 1, 1, 1, 1, 0, 1, 1, 1, 1, 1, 1, 1, 1, 1, 1, 1, 1, 1, 1], [0, 1, 1, 1, 1, 1, 1, 1, 0, 1, 1, 1, 1, 1, 1, 1, 1, 1, 1, 1, 1, 1], [0, 1, 1, 1, 1, 1, 1, 1, 1, 0, 1, 1, 1, 1, 1, 1, 1, 1, 1, 1, 1, 1], [0, 1, 1, 1, 1, 1, 1, 1, 1, 1, 0, 1, 1, 1, 1, 1, 1, 1, 1, 1, 1, 1], [0, 1, 1, 1, 1, 1, 1, 1, 1, 1, 1, 0, 1, 1, 1, 1, 1, 1, 1, 1, 1, 1], [0, 1, 1, 1, 1, 1, 1, 1, 1, 1, 1, 1, 0, 1, 1, 1, 1, 1, 1, 1, 1, 1], [0, 1, 1, 1, 1, 1, 1, 1, 1, 1, 1, 1, 1, 0, 1, 1, 1, 1, 1, 1, 1, 1], [0, 1, 1, 1, 1, 1, 1, 1, 1, 1, 1, 1, 1, 1, 0, 1, 1, 1, 1, 1, 1, 1], [0, 1, 1, 1, 1, 1, 1, 1, 1, 1, 1, 1, 1, 1, 1, 0, 1, 1, 1, 1, 1, 1], [0, 1, 1, 1, 1, 1, 1, 1, 1, 1, 1, 1, 1, 1, 1, 1, 0, 1, 1, 1, 1, 1], [0, 1, 1, 1, 1, 1, 1, 1, 1, 1, 1, 1, 1, 1, 1, 1, 1, 0, 1, 1, 1, 1], [0, 1, 1, 1, 1, 1, 1, 1, 1, 1, 1, 1, 1, 1, 1, 1, 1, 1, 0, 1, 1, 1], [0, 1, 1, 1, 1, 1, 1, 1, 1, 1, 1, 1, 1, 1, 1, 1, 1, 1, 1, 0, 1, 1], [0, 1, 1, 1, 1, 1, 1, 1, 1, 1, 1, 1, 1, 1, 1, 1, 1, 1, 1, 1, 0, 1], [0, 0, 0, 0, 0, 0, 0, 0, 0, 0, 0, 0, 0, 0, 0, 0, 0, 0, 0, 0, 0, 0]], "vertex_count": 22}, "distances": [[0, 103.74, 58.8, 67.8, 74.76, 80.86, 72.28, 67.85, 54.86, 77.82, 82.83, 94.9, 74.88, 86.76, 65.75, 97.77, 87.94, 53.2, 99.21, 59.94, 56.85, 0], [0, 0.0, 45.27, 35.97, 50.98, 29.07, 47.56, 35.9, 67.46, 27.26, 24.05, 27.56, 37.18, 17.0, 38.66, 8.99, 21.33, 50.94, 19.25, 44.12, 48.46, 103.74], [0, 45.27, 0.0, 9.63, 31.44, 28.64, 26.15, 9.8, 31.48, 22.0, 24.38, 43.78, 20.72, 28.5, 7.02, 38.97, 29.71, 5.67, 44.81, 11.73, 5.55, 58.8], [0, 35.97, 9.63, 0.0, 33.6, 20.35, 28.17, 10.69, 38.93, 12.78, 17.27, 35.09, 19.24, 19.04, 5.18, 30.27, 22.69, 15.19, 35.41, 8.54, 14.14, 67.8], [0, 50.98, 31.44, 33.6, 0.0, 52.0, 5.45, 33.93, 21.97, 43.37, 28.76, 64.51, 16.0, 40.77, 28.93, 42.02, 29.77, 32.87, 61.35, 31.21, 27.5, 74.76], [0, 29.07, 28.64, 20.35, 52.0, 0.0, 46.78, 20.04, 59.27, 8.64, 26.51, 15.24, 36.19, 16.82, 25.49, 28.79, 29.91, 33.21, 18.38, 27.8, 33.93, 80.86], [0, 47.56, 26.15, 28.17, 5.45, 46.78, 0.0, 28.5, 21.92, 38.17, 24.49, 59.6, 11.2, 36.24, 23.48, 38.7, 26.23, 27.91, 56.8, 25.87, 22.47, 72.28], [0, 35.9, 9.8, 10.69, 33.93, 20.04, 28.5, 0.0, 39.23, 12.52, 17.4, 34.81, 19.55, 18.95, 5.51, 30.27, 22.81, 15.33, 35.18, 8.72, 14.38, 67.85], [0, 67.46, 31.48, 38.93, 21.97, 59.27, 21.92, 39.23, 0.0, 51.48, 43.44, 73.92, 30.44, 53.56, 33.85, 58.98, 46.57, 28.95, 73.19, 32.04, 25.93, 54.86], [0, 27.26, 22.0, 12.78, 43.37, 8.64, 38.17, 12.52, 51.48, 0.0, 18.51, 22.44, 27.55, 11.41, 17.66, 24.38, 22.56, 27.18, 22.82, 21.01, 26.88, 77.82], [0, 24.05, 24.38, 17.27, 28.76, 26.51, 24.49, 17.4, 43.44, 18.51, 0.0, 36.59, 13.49, 12.17, 17.36, 15.93, 5.44, 29.78, 32.66, 23.29, 26.07, 82.83], [0, 27.56, 43.78, 35.09, 64.51, 15.24, 59.6, 34.81, 73.92, 22.44, 36.59, 0.0, 48.52, 24.56, 40.08, 31.83, 38.19, 48.44, 8.8, 42.91, 48.98, 94.9], [0, 37.18, 20.72, 19.24, 16.0, 36.19, 11.2, 19.55, 30.44, 27.55, 13.49, 48.52, 0.0, 25.05, 15.6, 28.56, 16.12, 24.53, 45.61, 20.01, 19.34, 74.88], [0, 17.0, 28.5, 19.04, 40.77, 16.82, 36.24, 18.95, 53.56, 11.41, 12.17, 24.56, 25.05, 0.0, 22.18, 12.97, 13.83, 34.15, 20.59, 27.36, 32.12, 86.76], [0, 38.66, 7.02, 5.18, 28.93, 25.49, 23.48, 5.51, 33.85, 17.66, 17.36, 40.08, 15.6, 22.18, 0.0, 32.06, 22.72, 12.55, 39.95, 5.92, 9.95, 65.75], [0, 8.99, 38.97, 30.27, 42.02, 28.79, 38.7, 30.27, 58.98, 24.38, 15.93, 31.83, 28.56, 12.97, 32.06, 0.0, 12.5, 44.59, 24.74, 37.83, 41.49, 97.77], [0, 21.33, 29.71, 22.69, 29.77, 29.91, 26.23, 22.81, 46.57, 22.56, 5.44, 38.19, 16.12, 13.83, 22.72, 12.5, 0.0, 35.03, 33.11, 28.64, 31.1, 87.94], [0, 50.94, 5.67, 15.19, 32.87, 33.21, 27.91, 15.33, 28.95, 27.18, 29.78, 48.44, 24.53, 34.15, 12.55, 44.59, 35.03, 0.0, 49.99, 6.81, 5.49, 53.2], [0, 19.25, 44.81, 35.41, 61.35, 18.38, 56.8, 35.18, 73.19, 22.82, 32.66, 8.8, 45.61, 20.59, 39.95, 24.74, 33.11, 49.99, 0.0, 43.8, 49.55, 99.21], [0, 44.12, 11.73, 8.54, 31.21, 27.8, 25.87, 8.72, 32.04, 21.01, 23.29, 42.91, 20.01, 27.36, 5.92, 37.83, 28.64, 6.81, 43.8, 0.0, 6.18, 59.94], [0, 48.46, 5.55, 14.14, 27.5, 33.93, 22.47, 14.38, 25.93, 26.88, 26.07, 48.98, 19.34, 32.12, 9.95, 41.49, 31.1, 5.49, 49.55, 6.18, 0.0, 56.85], [0, 0, 0, 0, 0, 0, 0, 0, 0, 0, 0, 0, 0, 0, 0, 0, 0, 0, 0, 0, 0, 0]], "end_depot": 21, "horizon": [0.0, 2000.0],