{"cluster_count": 3, "cluster_speeds": [[0.925, 0.85, 0.925, 1.0, 0.8325, 0.765, 0.8325, 0.9, 0.4625, 0.425, 0.4625, 0.5, 0.30525, 0.2805, 0.30525, 0.33, 0.37, 0.34, 0.37, 0.4, 0.555, 0.51, 0.555, 0.6, 0.6475, 0.595, 0.6475, 0.7, 0.37, 0.34, 0.37, 0.4, 0.30525, 0.2805, 0.30525, 0.33, 0.4625, 0.425, 0.4625, 0.5, 0.6475, 0.595, 0.6475, 0.7, 0.74, 0.68, 0.74, 0.8, 0.6475, 0.595, 0.6475, 0.7, 0.4625, 0.425, 0.4625, 0.5, 0.555, 0.51, 0.555, 0.6, 0.6475, 0.595, 0.6475, 0.7, 0.8325, 0.765, 0.8325, 0.9, 0.925, 0.85, 0.925, 1.0, 1.0], [0.74, 0.68, 0.74, 0.8, 0.666, 0.612, 0.666, 0.72, 0.37, 0.34, 0.37, 0.4, 0.2442, 0.2244, 0.2442, 0.264, 0.296, 0.272, 0.296, 0.32, 0.444, 0.408, 0.444, 0.48, 0.6475, 0.595, 0.6475, 0.7, 0.37, 0.34, 0.37, 0.4, 0.30525, 0.2805, 0.30525, 0.33, 0.4625, 0.425, 0.4625, 0.5, 0.6475, 0.595, 0.6475, 0.7, 0.74, 0.68, 0.74, 0.8, 0.518, 0.476, 0.518, 0.56, 0.37, 0.34, 0.37, 0.4, 0.444, 0.408, 0.444, 0.48, 0.518, 0.476, 0.518, 0.56, 0.666, 0.612, 0.666, 0.72, 0.74, 0.68, 0.74, 0.8, 0.8], [0.87875, 0.8075, 0.87875, 0.95, 0.790875, 0.72675, 0.790875, 0.855, 0.439375, 0.40375, 0.439375, 0.475, 0.289988, 0.266475, 0.289988, 0.3135, 0.3515, 0.323, 0.3515, 0.38, 0.52725, 0.4845, 0.52725, 0.57, 0.6475, 0.595, 0.6475, 0.7, 0.37, 0.34, 0.37, 0.4, 0.30525, 0.2805, 0.30525, 0.33, 0.4625, 0.425, 0.4625, 0.5, 0.6475, 0.595, 0.6475, 0.7, 0.74, 0.68, 0.74, 0.8, 0.615125, 0.56525, 0.615125, 0.665, 0.439375, 0.40375, 0.439375, 0.475, 0.52725, 0.4845, 0.52725, 0.57, 0.615125, 0.56525, 0.615125, 0.665, 0.790875, 0.72675, 0.790875, 0.855, 0.87875, 0.8075, 0.87875, 0.95, 0.95]], "clusters": [[-1, 2, 2, 2, 2, 2, 2, 2, 2, 2, 2, 2, 2, 2, 2, 2, 2, 2, 2, 2, 2, -1], [2, -1, 2, 2, 2, 2, 2, 2, 2, 2, 2, 2, 2, 2, 2, 2, 2, 2, 2, 2, 2, 2], [2, 2, -1, 2, 2, 2, 2, 2, 2, 2, 2, 2, 2, 2, 2, 2, 2, 2, 2, 2, 2, 2], [0, 0, 0, -1, 0, 0, 0, 0, 0, 0, 0, 0, 0, 0, 0, 0, 0, 0, 0, 0, 0, 0], [0, 0, 0, 0, -1, 0, 0, 0, 0, 0, 0, 0, 0, 0, 0, 0, 0, 0, 0, 0, 0, 0], [0, 0, 0, 0, 0, -1, 0, 0, 0, 0, 0, 0, 0, 0, 0, 0, 0, 0, 0, 0, 0, 0], [2, 2, 2, 2, 2, 2, -1, 2, 2, 2, 2, 2, 2, 2, 2, 2, 2, 2, 2, 2, 2, 2], [0, 0, 0, 0, 0, 0, 0, -1, 0, 0, 0, 0, 0, 0, 0, 0, 0, 0, 0, 0, 0, 0], [1, 1, 1, 1, 1, 1, 1, 1, -1, 1, 1, 1, 1, 1, 1, 1, 1, 1, 1, 1, 1, 1], [0, 0, 0, 0, 0, 0, 0, 0, 0, -1, 0, 0, 0, 0, 0, 0, 0, 0, 0, 0, 0, 0], [0, 0, 0, 0, 0, 0, 0, 0, 0, 0, -1, 0, 0, 0, 0, 0, 0, 0, 0, 0, 0, 0], [2, 2, 2, 2, 2, 2, 2, 2, 2, 2, 2, -1, 2, 2, 2, 2, 2, 2, 2, 2, 2, 2], [2, 2, 2, 2, 2, 2, 2, 2, 2, 2, 2, 2, -1, 2, 2, 2, 2, 2, 2, 2, 2, 2], [0, 0, 0, 0, 0, 0, 0, 0, 0, 0, 0, 0, 0, -1, 0, 0, 0, 0, 0, 0, 0, 0], [0, 0, 0, 0, 0, 0, 0, 0, 0, 0, 0, 0, 0, 0, -1, 0, 0, 0, 0, 0, 0, 0], [1, 1, 1, 1, 1, 1, 1, 1, 1, 1, 1, 1, 1, 1, 1, -1, 1, 1, 1, 1, 1, 1], [0, 0, 0, 0, 0, 0, 0, 0, 0, 0, 0, 0, 0, 0, 0, 0, -1, 0, 0, 0, 0, 0], [0, 0, 0, 0, 0, 0, 0, 0, 0, 0, 0, 0, 0, 0, 0, 0, 0, -1, 0, 0, 0, 0], [0, 0, 0, 0, 0, 0, 0, 0, 0, 0, 0, 0, 0, 0, 0, 0, 0, 0, -1, 0, 0, 0], [0, 0, 0, 0, 0, 0, 0, 0, 0, 0, 0, 0, 0, 0, 0, 0, 0, 0, 0, -1, 0, 0], [1, 1, 1, 1, 1, 1, 1, 1, 1, 1, 1, 1, 1, 1, 1, 1, 1, 1, 1, 1, -1, 1], [-1, 2, 2, 2, 2, 2, 2, 2, 2, 2, 2, 2, 2, 2, 2, 2, 2, 2, 2, 2, 2, -1]], "dataset_name": "guerriero_et_al_2014b", "digraph": {"arc_count": 420, "arcs": [[0, 1, 1, 1, 1, 1, 1, 1, 1, 1, 1, 1, 1, 1, 1, 1, 1, 1, 1, 1, 1, 0], [0, 0, 1, 1, 1, 1, 1, 1, 1, 1, 1, 1, 1, 1, 1, 1, 1, 1, 1, 1, 1, 1], [0, 1, 0, 1, 1, 1, 1, 1, 1, 1, 1, 1, 1, 1, 1, 1, 1, 1, 1, 1, 1, 1], [0, 1, 1, 0, 1, 1, 1, 1, 1, 1, 1, 1, 1, 1, 1, 1, 1, 1, 1, 1, 1, 1], [0, 1, 1, 1, 0, 1, 1, 1, 1, 1, 1, 1, 1, 1, 1, 1, 1, 1, 1, 1, 1, 1], [0, 1, 1, 1, 1, 0, 1, 1, 1, 1, 1, 1, 1, 1, 1, 1, 1, 1, 1, 1, 1, 1], [0, 1, 1, 1, 1, 1, 0, 1, 1, 1, 1, 1, 1, 1, 1, 1, 1, 1, 1, 1, 1, 1], [0, 1, 1, 1, 1, 1, 1, 0, 1, 1, 1, 1, 1, 1, 1, 1, 1, 1, 1, 1, 1, 1], [0, 1, 1, 1, 1, 1, 1, 1, 0, 1, 1, 1, 1, 1, 1, 1, 1, 1, 1, 1, 1, 1], [0, 1, 1, 1, 1, 1, 1, 1, 1, 0, 1, 1, 1, 1, 1, 1, 1, 1, 1, 1, 1, 1], [0, 1, 1, 1, 1, 1, 1, 1, 1, 1, 0, 1, 1, 1, 1, 1, 1, 1, 1, 1, 1, 1], [0, 1, 1, 1, 1, 1, 1, 1, 1, 1, 1, 0, 1, 1, 1, 1, 1, 1, 1, 1, 1, 1], [0, 1, 1, 1, 1, 1, 1, 1, 1, 1, 1, 1, 0, 1, 1, 1, 1, 1, 1, 1, 1, 1], [0, 1, 1, 1, 1, 1, 1, 1, 1, 1, 1, 1, 1, 0, 1, 1, 1, 1, 1, 1, 1, 1], [0, 1, 1, 1, 1, 1, 1, 1, 1, 1, 1, 1, 1, 1, 0, 1, 1, 1, 1, 1, 1, 1], [0, 1, 1, 1, 1, 1, 1, 1, 1, 1, 1, 1, 1, 1, 1, 0, 1, 1, 1, 1, 1, 1], [0, 1, 1, 1, 1, 1, 1, 1, 1, 1, 1, 1, 1, 1, 1, 1, 0, 1, 1, 1, 1, 1], [0, 1, 1, 1, 1, 1, 1, 1, 1, 1, 1, 1, 1, 1, 1, 1, 1, 0, 1, 1, 1, 1], [0, 1, 1, 1, 1, 1, 1, 1, 1, 1, 1, 1, 1, 1, 1, 1, 1, 1, 0, 1, 1, 1], [0, 1, 1, 1, 1, 1, 1, 1, 1, 1, 1, 1, 1, 1, 1, 1, 1, 1, 1, 0, 1, 1], [0, 1, 1, 1, 1, 1, 1, 1, 1, 1, 1, 1, 1, 1, 1, 1, 1, 1, 1, 1, 0, 1], [0, 0, 0, 0, 0, 0, 0, 0, 0, 0, 0, 0, 0, 0, 0, 0, 0, 0, 0, 0, 0, 0]], "vertex_count": 22}, "distances": [[0, 72.56, 96.62, 68.94, 75.75, 63.25, 80.31, 81.22, 82.09, 57.2, 72.89, 83.74, 93.05, 75.76, 61.63, 46.37, 85.07, 78.67, 72.05, 64.64, 54.03, 0], [0, 0.0, 46.64, 32.43, 33.21, 23.93, 57.47, 38.81, 51.07, 35.18, 17.12, 65.89, 73.47, 29.76, 28.96, 33.89, 34.15, 44.42, 29.89, 33.97, 32.46, 72.56], [0, 46.64, 0.0, 27.74, 21.05, 35.49, 29.69, 15.46, 21.63, 39.43, 31.42, 36.11, 38.37, 21.95, 35.5, 50.77, 13.38, 20.3, 25.16, 31.98, 42.76, 96.62], [0, 32.43, 27.74, 0.0, 6.85, 10.44, 25.29, 12.62, 20.1, 11.96, 16.32, 33.6, 41.69, 8.0, 8.16, 23.09, 16.63, 13.71, 4.36, 4.67, 15.03, 68.94], [0, 33.21, 21.05, 6.85, 0.0, 15.11, 24.87, 6.65, 17.88, 18.8, 16.11, 33.36, 40.36, 14.86, 14.46, 29.73, 9.93, 11.27, 4.44, 11.41, 21.76, 75.75], [0, 23.93, 35.49, 10.44, 15.11, 0.0, 35.33, 21.74, 30.54, 11.85, 11.45, 43.42, 51.86, 13.54, 5.07, 17.07, 22.6, 24.13, 10.67, 10.33, 10.98, 63.25], [0, 57.47, 29.69, 25.29, 24.87, 35.33, 0.0, 21.49, 8.5, 29.36, 40.66, 8.49, 16.6, 28.5, 31.39, 41.42, 29.76, 13.88, 27.61, 25.34, 34.28, 80.31], [0, 38.81, 15.46, 12.62, 6.65, 21.74, 21.49, 0.0, 13.42, 24.02, 21.76, 29.75, 35.68, 9.3, 20.69, 35.69, 8.46, 7.85, 11.09, 16.6, 27.58, 81.22], [0, 51.07, 21.63, 20.1, 17.88, 30.54, 8.5, 13.42, 0.0, 27.35, 33.99, 16.4, 22.51, 21.43, 27.46, 39.9, 21.45, 6.67, 21.36, 21.6, 32.06, 82.09], [0, 35.18, 39.43, 11.96, 18.8, 11.85, 29.36, 24.02, 27.35, 0.0, 22.97, 36.44, 45.71, 19.58, 7.06, 12.56, 28.56, 22.38, 15.72, 7.46, 4.92, 57.2], [0, 17.12, 31.42, 16.32, 16.11, 11.45, 40.66, 21.76, 33.99, 22.97, 0.0, 49.13, 56.45, 12.65, 15.91, 27.69, 18.17, 27.36, 13.09, 19.07, 22.41, 72.89], [0, 65.89, 36.11, 33.6, 33.36, 43.42, 8.49, 29.75, 16.4, 36.44, 49.13, 0.0, 9.64, 36.99, 39.25, 47.93, 37.85, 22.31, 36.07, 33.26, 41.33, 83.74], [0, 73.47, 38.37, 41.69, 40.36, 51.86, 16.6, 35.68, 22.51, 45.71, 56.45, 9.64, 0.0, 43.93, 47.99, 57.42, 43.07, 29.1, 43.61, 41.94, 50.62, 93.05], [0, 29.76, 21.95, 8.0, 14.86, 13.54, 28.5, 9.3, 21.43, 19.58, 12.65, 36.99, 43.93, 0.0, 14.13, 29.44, 9.32, 14.86, 12.37, 12.62, 21.81, 75.76], [0, 28.96, 35.5, 8.16, 14.46, 5.07, 31.39, 20.69, 27.46, 7.06, 15.91, 39.25, 47.99, 14.13, 0.0, 15.36, 23.44, 21.43, 10.45, 6.05, 7.74, 61.63], [0, 33.89, 50.77, 23.09, 29.73, 17.07, 41.42, 35.69, 39.9, 12.56, 27.69, 47.93, 57.42, 29.44, 15.36, 0.0, 38.77, 34.87, 25.81, 19.31, 8.15, 46.37], [0, 34.15, 13.38, 16.63, 9.93, 22.6, 29.76, 8.46, 21.45, 28.56, 18.17, 37.85, 43.07, 9.32, 23.44, 38.77, 0.0, 16.31, 13.04, 21.27, 31.08, 85.07], [0, 44.42, 20.3, 13.71, 11.27, 24.13, 13.88, 7.85, 6.67, 22.38, 27.36, 22.31, 29.1, 14.86, 21.43, 34.87, 16.31, 0.0, 14.69, 15.86, 26.81, 78.67], [0, 29.89, 25.16, 4.36, 4.44, 10.67, 27.61, 11.09, 21.36, 15.72, 13.09, 36.07, 43.61, 12.37, 10.45, 25.81, 13.04, 14.69, 0.0, 8.84, 18.04, 72.05], [0, 33.97, 31.98, 4.67, 11.41, 10.33, 25.34, 16.6, 21.6, 7.46, 19.07, 33.26, 41.94, 12.62, 6.05, 19.31, 21.27, 15.86, 8.84, 0.0, 11.16, 64.64], [0, 32.46, 42.76, 15.03, 21.76, 10.98, 34.28, 27.58, 32.06, 4.92, 22.41, 41.33, 50.62, 21.81, 7.74, 8.15, 31.08, 26.81, 18.04, 11.16, 0.0, 54.03], [0, 0, 0, 0, 0, 0, 0, 0, 0, 0, 0, 0, 0, 0, 0, 0, 0, 0, 0, 0, 0, 0]], "end_depot": 21, "horizon": [0.0, 2000.0], "instance_name": "20_80_A_25_C4", "speed_zone_count": 73,