{"cluster_count": 3, "cluster_speeds": [[0.74, 0.68, 0.74, 0.8, 0.666, 0.612, 0.666, 0.72, 0.37, 0.34, 0.37, 0.4, 0.2442, 0.2244, 0.2442, 0.264, 0.296, 0.272, 0.296, 0.32, 0.444, 0.408, 0.444, 0.48, 0.6475, 0.595, 0.6475, 0.7, 0.37, 0.34, 0.37, 0.4, 0.30525, 0.2805, 0.30525, 0.33, 0.4625, 0.425, 0.4625, 0.5, 0.6475, 0.595, 0.6475, 0.7, 0.74, 0.68, 0.74, 0.8, 0.518, 0.476, 0.518, 0.56, 0.37, 0.34, 0.37, 0.4, 0.444, 0.408, 0.444, 0.48, 0.518, 0.476, 0.518, 0.56, 0.666, 0.612, 0.666, 0.72, 0.74, 0.68, 0.74, 0.8, 0.8], [0.8325, 0.765, 0.8325, 0.9, 0.74925, 0.6885, 0.74925, 0.81, 0.41625, 0.3825, 0.41625, 0.45, 0.274725, 0.25245, 0.274725, 0.297, 0.333, 0.306, 0.333, 0.36, 0.4995, 0.459, 0.4995, 0.54, 0.6475, 0.595, 0.6475, 0.7, 0.37, 0.34, 0.37, 0.4, 0.30525, 0.2805, 0.30525, 0.33, 0.4625, 0.425, 0.4625, 0.5, 0.6475, 0.595, 0.6475, 0.7, 0.74, 0.68, 0.74, 0.8, 0.58275, 0.5355, 0.58275, 0.63, 0.41625, 0.3825, 0.41625, 0.45, 0.4995, 0.459, 0.4995, 0.54, 0.58275, 0.5355, 0.58275, 0.63, 0.74925, 0.6885, 0.74925, 0.81, 0.8325, 0.765, 0.8325, 0.9, 0.9], [0.925, 0.85, 0.925, 1.0, 0.8325, 0.765, 0.8325, 0.9, 0.4625, 0.425, 0.4625, 0.5, 0.30525, 0.2805, 0.30525, 0.33, 0.37, 0.34, 0.37, 0.4, 0.555, 0.51, 0.555, 0.6, 0.6475, 0.595, 0.6475, 0.7, 0.37, 0.34, 0.37, 0.4, 0.30525, 0.2805, 0.30525, 0.33, 0.4625, 0.425, 0.4625, 0.5, 0.6475, 0.595, 0.6475, 0.7, 0.74, 0.68, 0.74, 0.8, 0.6475, 0.595, 0.6475, 0.7, 0.4625, 0.425, 0.4625, 0.5, 0.555, 0.51, 0.555, 0.6, 0.6475, 0.595, 0.6475, 0.7, 0.8325, 0.765, 0.8325, 0.9, 0.925, 0.85, 0.925, 1.0, 1.0]], "clusters": [[-1, 2, 2, 2, 2, 2, 2, 2, 2, 2, 2, 2, 2, 2, 2, 2, 2, 2, 2, 2, 2, -1], [1, -1, 1, 1, 1, 1, 1, 1, 1, 1, 1, 1, 1, 1, 1, 1, 1, 1, 1, 1, 1, 1], [0, 0, -1, 0, 0, 0, 0, 0, 0, 0, 0, 0, 0, 0, 0, 0, 0, 0, 0, 0, 0, 0], [0, 0, 0, -1, 0, 0, 0, 0, 0, 0, 0, 0, 0, 0, 0, 0, 0, 0, 0, 0, 0, 0], [1, 1, 1, 1, -1, 1, 1, 1, 1, 1, 1, 1, 1, 1, 1, 1, 1, 1, 1, 1, 1, 1], [1, 1, 1, 1, 1, -1, 1, 1, 1, 1, 1, 1, 1, 1, 1, 1, 1, 1, 1, 1, 1, 1], [1, 1, 1, 1, 1, 1, -1, 1, 1, 1, 1, 1, 1, 1, 1, 1, 1, 1, 1, 1, 1, 1], [0, 0, 0, 0, 0, 0, 0, -1, 0, 0, 0, 0, 0, 0, 0, 0, 0, 0, 0, 0, 0, 0], [1, 1, 1, 1, 1, 1, 1, 1, -1, 1, 1, 1, 1, 1, 1, 1, 1, 1, 1, 1, 1, 1], [1, 1, 1, 1, 1, 1, 1, 1, 1, -1, 1, 1, 1, 1, 1, 1, 1, 1, 1, 1, 1, 1], [0, 0, 0, 0, 0, 0, 0, 0, 0, 0, -1, 0, 0, 0, 0, 0, 0, 0, 0, 0, 0, 0], [2, 2, 2, 2, 2, 2, 2, 2, 2, 2, 2, -1, 2, 2, 2, 2, 2, 2, 2, 2, 2, 2], [0, 0, 0, 0, 0, 0, 0, 0, 0, 0, 0, 0, -1, 0, 0, 0, 0, 0, 0, 0, 0, 0], [0, 0, 0, 0, 0, 0, 0, 0, 0, 0, 0, 0, 0, -1, 0, 0, 0, 0, 0, 0, 0, 0], [1, 1, 1, 1, 1, 1, 1, 1, 1, 1, 1, 1, 1, 1, -1, 1, 1, 1, 1, 1, 1, 1], [1, 1, 1, 1, 1, 1, 1, 1, 1, 1, 1, 1, 1, 1, 1, -1, 1, 1, 1, 1, 1, 1], [1, 1, 1, 1, 1, 1, 1, 1, 1, 1, 1, 1, 1, 1, 1, 1, -1, 1, 1, 1, 1, 1], [0, 0, 0, 0, 0, 0, 0, 0, 0, 0, 0, 0, 0, 0, 0, 0, 0, -1, 0, 0, 0, 0], [1, 1, 1, 1, 1, 1, 1, 1, 1, 1, 1, 1, 1, 1, 1, 1, 1, 1, -1, 1, 1, 1], [0, 0, 0, 0, 0, 0, 0, 0, 0, 0, 0, 0, 0, 0, 0, 0, 0, 0, 0, -1, 0, 0], [0, 0, 0, 0, 0, 0, 0, 0, 0, 0, 0, 0, 0, 0, 0, 0, 0, 0, 0, 0, -1, 0], [-1, 2, 2, 2, 2, 2, 2, 2, 2, 2, 2, 2, 2, 2, 2, 2, 2, 2, 2, 2, 2, -1]], "dataset_name": "guerriero_et_al_2014b", "digraph": {"arc_count": 420, "arcs": [[0, 1, 1, 1, 1, 1, 1, 1, 1, 1, 1, 1, 1, 1, 1, 1, 1, 1, 1, 1, 1, 0], [0, 0, 1, 1, 1, 1, 1, 1, 1, 1, 1, 1, 1, 1, 1, 1, 1, 1, 1, 1, 1, 1], [0, 1, 0, 1, 1, 1, 1, 1, 1, 1, 1, 1, 1, 1, 1, 1, 1, 1, 1, 1, 1, 1], [0, 1, 1, 0, 1, 1, 1, 1, 1, 1, 1, 1, 1, 1, 1, 1, 1, 1, 1, 1, 1, 1], [0, 1, 1, 1, 0, 1, 1, 1, 1, 1, 1, 1, 1, 1, 1, 1, 1, 1, 1, 1, 1, 1], [0, 1, 1, 1, 1, 0, 1, 1, 1, 1, 1, 1, 1, 1, 1, 1, 1, 1, 1, 1, 1, 1], [0, 1, 1, 1, 1, 1, 0, 1, 1, 1, 1, 1, 1, 1, 1, 1, 1, 1, 1, 1, 1, 1], [0, 1, 1, 1, 1, 1, 1, 0, 1, 1, 1, 1, 1, 1, 1, 1, 1, 1, 1, 1, 1, 1], [0, 1, 1, 1, 1, 1, 1, 1, 0, 1, 1, 1, 1, 1, 1, 1, 1, 1, 1, 1, 1, 1], [0, 1, 1, 1, 1, 1, 1, 1, 1, 0, 1, 1, 1, 1, 1, 1, 1, 1, 1, 1, 1, 1], [0, 1, 1, 1, 1, 1, 1, 1, 1, 1, 0, 1, 1, 1, 1, 1, 1, 1, 1, 1, 1, 1], [0, 1, 1, 1, 1, 1, 1, 1, 1, 1, 1, 0, 1, 1, 1, 1, 1, 1, 1, 1, 1, 1], [0, 1, 1, 1, 1, 1, 1, 1, 1, 1, 1, 1, 0, 1, 1, 1, 1, 1, 1, 1, 1, 1], [0, 1, 1, 1, 1, 1, 1, 1, 1, 1, 1, 1, 1, 0, 1, 1, 1, 1, 1, 1, 1, 1], [0, 1, 1, 1, 1, 1, 1, 1, 1, 1, 1, 1, 1, 1, 0, 1, 1, 1, 1, 1, 1, 1], [0, 1, 1, 1, 1, 1, 1, 1, 1, 1, 1, 1, 1, 1, 1, 0, 1, 1, 1, 1, 1, 1], [0, 1, 1, 1, 1, 1, 1, 1, 1, 1, 1, 1, 1, 1, 1, 1, 0, 1, 1, 1, 1, 1], [0, 1, 1, 1, 1, 1, 1, 1, 1, 1, 1, 1, 1, 1, 1, 1, 1, 0, 1, 1, 1, 1], [0, 1, 1, 1, 1, 1, 1, 1, 1, 1, 1, 1, 1, 1, 1, 1, 1, 1, 0, 1, 1, 1], [0, 1, 1, 1, 1, 1, 1, 1, 1, 1, 1, 1, 1, 1, 1, 1, 1, 1, 1, 0, 1, 1], [0, 1, 1, 1, 1, 1, 1, 1, 1, 1, 1, 1, 1, 1, 1, 1, 1, 1, 1, 1, 0, 1], [0, 0, 0, 0, 0, 0, 0, 0, 0, 0, 0, 0, 0, 0, 0, 0, 0, 0, 0, 0, 0, 0]], "vertex_count": 22}, "distances": [[0, 84.17, 73.17, 70.82, 50.55, 87.08, 84.98, 68.49, 85.29, 60.51, 69.89, 61.81, 69.05, 61.56, 94.72, 53.85, 77.08, 67.12, 92.7, 70.91, 60.05, 0], [0, 0.0, 27.18, 18.78, 38.54, 20.54, 11.37, 19.58, 16.45, 44.98, 17.17, 50.33, 22.48, 34.29, 21.79, 35.59, 8.12, 26.71, 13.47, 20.07, 28.78, 84.17], [0, 27.18, 0.0, 10.81, 22.68, 15.31, 18.69, 12.46, 25.61, 19.56, 14.2, 24.12, 8.17, 11.94, 23.23, 19.48, 20.5, 6.78, 25.53, 9.11, 14.6, 73.17], [0, 18.78, 10.81, 0.0, 21.47, 17.08, 14.45, 16.25, 18.09, 26.28, 18.64, 31.76, 12.27, 15.52, 24.15, 18.2, 10.97, 8.01, 22.3, 14.65, 11.26, 70.82], [0, 38.54, 22.68, 21.47, 0.0, 36.69, 35.91, 19.63, 38.64, 17.13, 21.69, 22.29, 18.97, 11.69, 44.48, 17.2, 30.47, 16.59, 43.76, 21.13, 10.22, 50.55], [0, 20.54, 15.31, 17.08, 36.69, 0.0, 9.17, 19.67, 17.86, 34.52, 19.34, 38.46, 18.09, 27.04, 7.95, 33.34, 18.4, 20.16, 12.15, 16.51, 27.06, 87.08], [0, 11.37, 18.69, 14.45, 35.91, 9.17, 0.0, 16.56, 8.75, 38.02, 15.11, 42.79, 17.19, 28.54, 12.08, 32.61, 10.47, 20.76, 7.85, 14.85, 25.7, 84.98], [0, 19.58, 12.46, 16.25, 19.63, 19.67, 16.56, 0.0, 19.25, 26.08, 11.04, 31.72, 4.44, 15.02, 26.66, 16.44, 11.5, 8.23, 24.38, 14.87, 9.47, 68.49], [0, 16.45, 25.61, 18.09, 38.64, 17.86, 8.75, 19.25, 0.0, 43.98, 16.99, 49.18, 21.67, 33.55, 18.89, 35.58, 8.33, 25.82, 10.69, 19.21, 28.66, 85.29], [0, 44.98, 19.56, 26.28, 17.13, 34.52, 38.02, 26.08, 43.98, 0.0, 28.59, 5.83, 22.54, 11.17, 42.25, 16.47, 37.25, 18.28, 45.09, 24.91, 19.29, 60.51], [0, 17.17, 14.2, 18.64, 21.69, 19.34, 15.11, 11.04, 16.99, 28.59, 0.0, 34.21, 6.6, 17.53, 25.87, 18.59, 9.07, 10.63, 22.82, 5.1, 11.67, 69.89], [0, 50.33, 24.12, 31.76, 22.29, 38.46, 42.79, 31.72, 49.18, 5.83, 34.21, 0.0, 28.0, 16.94, 45.94, 22.02, 42.73, 23.75, 49.56, 30.32, 25.13, 61.81], [0, 22.48, 8.17, 12.27, 18.97, 18.09, 17.19, 4.44, 21.67, 22.54, 6.6, 28.0, 0.0, 11.88, 25.67, 15.63, 14.73, 4.26, 24.98, 10.9, 9.01, 69.05], [0, 34.29, 11.94, 15.52, 11.69, 27.04, 28.54, 15.02, 33.55, 11.17, 17.53, 16.94, 11.88, 0.0, 34.99, 9.05, 26.38, 7.83, 36.09, 14.34, 8.57, 61.56], [0, 21.79, 23.23, 24.15, 44.48, 7.95, 12.08, 26.66, 18.89, 42.25, 25.87, 45.94, 25.67, 34.99, 0.0, 41.13, 22.55, 28.02, 9.2, 23.86, 34.68, 94.72], [0, 35.59, 19.48, 18.2, 17.2, 33.34, 32.61, 16.44, 35.58, 16.47, 18.59, 22.02, 15.63, 9.05, 41.13, 0.0, 27.49, 13.27, 40.45, 17.8, 6.98, 53.85], [0, 8.12, 20.5, 10.97, 30.47, 18.4, 10.47, 11.5, 8.33, 37.25, 9.07, 42.73, 14.73, 26.38, 22.55, 27.49, 0.0, 18.99, 16.66, 12.43, 20.66, 77.08], [0, 26.71, 6.78, 8.01, 16.59, 20.16, 20.76, 8.23, 25.82, 18.28, 10.63, 23.75, 4.26, 7.83, 28.02, 13.27, 18.99, 0.0, 28.4, 6.64, 7.83, 67.12], [0, 13.47, 25.53, 22.3, 43.76, 12.15, 7.85, 24.38, 10.69, 45.09, 22.82, 49.56, 24.98, 36.09, 9.2, 40.45, 16.66, 28.4, 0.0, 22.67, 33.55, 92.7], [0, 20.07, 9.11, 14.65, 21.13, 16.51, 14.85, 14.87, 19.21, 24.91, 5.1, 30.32, 10.9, 14.34, 23.86, 17.8, 12.43, 6.64, 22.67, 0.0, 10.99, 70.91], [0, 28.78, 14.6, 11.26, 10.22, 27.06, 25.7, 9.47, 28.66, 19.29, 11.67, 25.13, 9.01, 8.57, 34.68, 6.98, 20.66, 7.83, 33.55, 10.99, 0.0, 60.05], [0, 0, 0, 0, 0, 0, 0, 0, 0, 0, 0, 0, 0, 0, 0, 0, 0, 0, 0, 0, 0, 0]], "end_depot": 21, "horizon": [0.0, 2000.0], "instance_name": "20_80_B_25_B8", "speed_zone_count": 73,