{"cluster_count": 3, "cluster_speeds": [[0.8325, 0.765, 0.8325, 0.9, 0.74925, 0.6885, 0.74925, 0.81, 0.41625, 0.3825, 0.41625, 0.45, 0.274725, 0.25245, 0.274725, 0.297, 0.333, 0.306, 0.333, 0.36, 0.4995, 0.459, 0.4995, 0.54, 0.6475, 0.595, 0.6475, 0.7, 0.37, 0.34, 0.37, 0.4, 0.30525, 0.2805, 0.30525, 0.33, 0.4625, 0.425, 0.4625, 0.5, 0.6475, 0.595, 0.6475, 0.7, 0.74, 0.68, 0.74, 0.8, 0.58275, 0.5355, 0.58275, 0.63, 0.41625, 0.3825, 0.41625, 0.45, 0.4995, 0.459, 0.4995, 0.54, 0.58275, 0.5355, 0.58275, 0.63, 0.74925, 0.6885, 0.74925, 0.81, 0.8325, 0.765, 0.8325, 0.9, 0.9], [0.87875, 0.8075, 0.87875, 0.95, 0.790875, 0.72675, 0.790875, 0.855, 0.439375, 0.40375, 0.439375, 0.475, 0.289988, 0.266475, 0.289988, 0.3135, 0.3515, 0.323, 0.3515, 0.38, 0.52725, 0.4845, 0.52725, 0.57, 0.6475, 0.595, 0.6475, 0.7, 0.37, 0.34, 0.37, 0.4, 0.30525, 0.2805, 0.30525, 0.33, 0.4625, 0.425, 0.4625, 0.5, 0.6475, 0.595, 0.6475, 0.7, 0.74, 0.68, 0.74, 0.8, 0.615125, 0.56525, 0.615125, 0.665, 0.439375, 0.40375, 0.439375, 0.475, 0.52725, 0.4845, 0.52725, 0.57, 0.615125, 0.56525, 0.615125, 0.665, 0.790875, 0.72675, 0.790875, 0.855, 0.87875, 0.8075, 0.87875, 0.95, 0.95], [0.925, 0.85, 0.925, 1.0, 0.8325, 0.765, 0.8325, 0.9, 0.4625, 0.425, 0.4625, 0.5, 0.30525, 0.2805, 0.30525, 0.33, 0.37, 0.34, 0.37, 0.4, 0.555, 0.51, 0.555, 0.6, 0.6475, 0.595, 0.6475, 0.7, 0.37, 0.34, 0.37, 0.4, 0.30525, 0.2805, 0.30525, 0.33, 0.4625, 0.425, 0.4625, 0.5, 0.6475, 0.595, 0.6475, 0.7, 0.74, 0.68, 0.74, 0.8, 0.6475, 0.595, 0.6475, 0.7, 0.4625, 0.425, 0.4625, 0.5, 0.555, 0.51, 0.555, 0.6, 0.6475, 0.595, 0.6475, 0.7, 0.8325, 0.765, 0.8325, 0.9, 0.925, 0.85, 0.925, 1.0, 1.0]], "clusters": [[-1, 2, 2, 2, 2, 2, 2, 2, 2, 2, 2, 2, 2, 2, 2, 2, 2, 2, 2, 2, 2, -1], [2, -1, 2, 2, 2, 2, 2, 2, 2, 2, 2, 2, 2, 2, 2, 2, 2, 2, 2, 2, 2, 2], [0, 0, -1, 0, 0, 0, 0, 0, 0, 0, 0, 0, 0, 0, 0, 0, 0, 0, 0, 0, 0, 0], [0, 0, 0, -1, 0, 0, 0, 0, 0, 0, 0, 0, 0, 0, 0, 0, 0, 0, 0, 0, 0, 0], [2, 2, 2, 2, -1, 2, 2, 2, 2, 2, 2, 2, 2, 2, 2, 2, 2, 2, 2, 2, 2, 2], [0, 0, 0, 0, 0, -1, 0, 0, 0, 0, 0, 0, 0, 0, 0, 0, 0, 0, 0, 0, 0, 0], [0, 0, 0, 0, 0, 0, -1, 0, 0, 0, 0, 0, 0, 0, 0, 0, 0, 0, 0, 0, 0, 0], [2, 2, 2, 2, 2, 2, 2, -1, 2, 2, 2, 2, 2, 2, 2, 2, 2, 2, 2, 2, 2, 2], [1, 1, 1, 1, 1, 1, 1, 1, -1, 1, 1, 1, 1, 1, 1, 1, 1, 1, 1, 1, 1, 1], [1, 1, 1, 1, 1, 1, 1, 1, 1, -1, 1, 1, 1, 1, 1, 1, 1, 1, 1, 1, 1, 1], [0, 0, 0, 0, 0, 0, 0, 0, 0, 0, -1, 0, 0, 0, 0, 0, 0, 0, 0, 0, 0, 0], [2, 2, 2, 2, 2, 2, 2, 2, 2, 2, 2, -1, 2, 2, 2, 2, 2, 2, 2, 2, 2, 2], [2, 2, 2, 2, 2, 2, 2, 2, 2, 2, 2, 2, -1, 2, 2, 2, 2, 2, 2, 2, 2, 2], [0, 0, 0, 0, 0, 0, 0, 0, 0, 0, 0, 0, 0, -1, 0, 0, 0, 0, 0, 0, 0, 0], [2, 2, 2, 2, 2, 2, 2, 2, 2, 2, 2, 2, 2, 2, -1, 2, 2, 2, 2, 2, 2, 2], [2, 2, 2, 2, 2, 2, 2, 2, 2, 2, 2, 2, 2, 2, 2, -1, 2, 2, 2, 2, 2, 2], [1, 1, 1, 1, 1, 1, 1, 1, 1, 1, 1, 1, 1, 1, 1, 1, -1, 1, 1, 1, 1, 1], [2, 2, 2, 2, 2, 2, 2, 2, 2, 2, 2, 2, 2, 2, 2, 2, 2, -1, 2, 2, 2, 2], [1, 1, 1, 1, 1, 1, 1, 1, 1, 1, 1, 1, 1, 1, 1, 1, 1, 1, -1, 1, 1, 1], [0, 0, 0, 0, 0, 0, 0, 0, 0, 0, 0, 0, 0, 0, 0, 0, 0, 0, 0, -1, 0, 0], [0, 0, 0, 0, 0, 0, 0, 0, 0, 0, 0, 0, 0, 0, 0, 0, 0, 0, 0, 0, -1, 0], [-1, 2, 2, 2, 2, 2, 2, 2, 2, 2, 2, 2, 2, 2, 2, 2, 2, 2, 2, 2, 2, -1]], "dataset_name": "guerriero_et_al_2014b", "digraph": {"arc_count": 420, "arcs": [[0, 1, 1, 1, 1, 1, 1, 1, 1, 1, 1, 1, 1, 1, 1, 1, 1, 1, 1, 1, 1, 0], [0, 0, 1, 1, 1, 1, 1, 1, 1, 1, 1, 1, 1, 1, 1, 1, 1, 1, 1, 1, 1, 1], [0, 1, 0, 1, 1, 1, 1, 1, 1, 1, 1, 1, 1, 1, 1, 1, 1, 1, 1, 1, 1, 1], [0, 1, 1, 0, 1, 1, 1, 1, 1, 1, 1, 1, 1, 1, 1, 1, 1, 1, 1, 1, 1, 1], [0, 1, 1, 1, 0, 1, 1, 1, 1, 1, 1, 1, 1, 1, 1, 1, 1, 1, 1, 1, 1, 1], [0, 1, 1, 1, 1, 0, 1, 1, 1, 1, 1, 1, 1, 1, 1, 1, 1, 1, 1, 1, 1, 1], [0, 1, 1, 1, 1, 1, 0, 1, 1, 1, 1, 1, 1, 1, 1, 1, 1, 1, 1, 1, 1, 1], [0, 1, 1, 1, 1, 1, 1, 0, 1, 1, 1, 1, 1, 1, 1, 1, 1, 1, 1, 1, 1, 1], [0, 1, 1, 1, 1, 1, 1, 1, 0, 1, 1, 1, 1, 1, 1, 1, 1, 1, 1, 1, 1, 1], [0, 1, 1, 1, 1, 1, 1, 1, 1, 0, 1, 1, 1, 1, 1, 1, 1, 1, 1, 1, 1, 1], [0, 1, 1, 1, 1, 1, 1, 1, 1, 1, 0, 1, 1, 1, 1, 1, 1, 1, 1, 1, 1, 1], [0, 1, 1, 1, 1, 1, 1, 1, 1, 1, 1, 0, 1, 1, 1, 1, 1, 1, 1, 1, 1, 1], [0, 1, 1, 1, 1, 1, 1, 1, 1, 1, 1, 1, 0, 1, 1, 1, 1, 1, 1, 1, 1, 1], [0, 1, 1, 1, 1, 1, 1, 1, 1, 1, 1, 1, 1, 0, 1, 1, 1, 1, 1, 1, 1, 1], [0, 1, 1, 1, 1, 1, 1, 1, 1, 1, 1, 1, 1, 1, 0, 1, 1, 1, 1, 1, 1, 1], [0, 1, 1, 1, 1, 1, 1, 1, 1, 1, 1, 1, 1, 1, 1, 0, 1, 1, 1, 1, 1, 1], [0, 1, 1, 1, 1, 1, 1, 1, 1, 1, 1, 1, 1, 1, 1, 1, 0, 1, 1, 1, 1, 1], [0, 1, 1, 1, 1, 1, 1, 1, 1, 1, 1, 1, 1, 1, 1, 1, 1, 0, 1, 1, 1, 1], [0, 1, 1, 1, 1, 1, 1, 1, 1, 1, 1, 1, 1, 1, 1, 1, 1, 1, 0, 1, 1, 1], [0, 1, 1, 1, 1, 1, 1, 1, 1, 1, 1, 1, 1, 1, 1, 1, 1, 1, 1, 0, 1, 1], [0, 1, 1, 1, 1, 1, 1, 1, 1, 1, 1, 1, 1, 1, 1, 1, 1, 1, 1, 1, 0, 1], [0, 0, 0, 0, 0, 0, 0, 0, 0, 0, 0, 0, 0, 0, 0, 0, 0, 0, 0, 0, 0, 0]], "vertex_count": 22}, "distances": [[0, 96.71, 74.45, 58.45, 48.77, 73.72, 76.01, 86.5, 74.42, 90.82, 72.87, 44.59, 57.69, 81.89, 102.1, 70.88, 59.94, 68.84, 70.91, 71.68, 68.05, 0], [0, 0.0, 29.07, 39.78, 61.14, 32.24, 24.6, 27.21, 37.63, 9.71, 26.55, 57.49, 54.61, 19.31, 13.77, 48.89, 43.62, 63.79, 28.0, 34.04, 28.79, 96.71], [0, 29.07, 0.0, 16.76, 32.76, 13.97, 5.18, 41.3, 10.31, 19.93, 6.2, 31.09, 25.61, 9.79, 40.96, 21.01, 15.67, 35.72, 25.68, 5.01, 14.74, 74.45], [0, 39.78, 16.76, 0.0, 24.03, 17.29, 17.57, 40.89, 21.31, 32.69, 14.42, 18.03, 21.51, 23.44, 48.43, 26.28, 9.84, 37.37, 21.66, 15.78, 11.88, 58.45], [0, 61.14, 32.76, 24.03, 0.0, 30.42, 36.62, 64.87, 28.34, 52.52, 34.65, 9.72, 9.2, 42.35, 71.46, 22.32, 17.53, 22.07, 45.57, 28.3, 35.63, 48.77], [0, 32.24, 13.97, 17.29, 30.42, 0.0, 8.79, 44.86, 6.75, 22.88, 9.51, 29.72, 22.78, 12.95, 44.4, 17.41, 14.04, 32.16, 28.84, 13.3, 17.52, 73.72], [0, 24.6, 5.18, 17.57, 36.62, 8.79, 0.0, 36.28, 15.41, 15.99, 11.38, 33.84, 30.08, 6.02, 36.01, 26.18, 19.14, 40.86, 21.55, 10.04, 11.79, 76.01], [0, 27.21, 41.3, 40.89, 64.87, 44.86, 36.28, 0.0, 51.6, 31.95, 35.5, 57.63, 61.76, 35.04, 20.95, 61.79, 49.35, 75.76, 19.31, 45.59, 30.06, 86.5], [0, 37.63, 10.31, 21.31, 28.34, 6.75, 15.41, 51.6, 0.0, 27.99, 16.25, 29.84, 19.67, 18.71, 50.32, 11.27, 14.85, 26.18, 35.44, 6.54, 23.92, 74.42], [0, 9.71, 19.93, 32.69, 52.52, 22.88, 15.99, 31.95, 27.99, 0.0, 18.53, 49.73, 45.53, 10.18, 23.13, 39.23, 35.11, 54.12, 26.25, 24.78, 23.08, 90.82], [0, 26.55, 6.2, 14.42, 34.65, 9.51, 11.38, 35.5, 16.25, 18.53, 0.0, 31.21, 28.71, 9.02, 37.16, 26.34, 17.13, 40.67, 19.48, 10.09, 8.84, 72.87], [0, 57.49, 31.09, 18.03, 9.72, 29.72, 33.84, 57.63, 29.84, 49.73, 31.21, 0.0, 15.05, 39.84, 66.46, 27.36, 15.69, 30.89, 38.4, 27.6, 29.88, 44.59], [0, 54.61, 25.61, 21.51, 9.2, 22.78, 30.08, 61.76, 19.67, 45.53, 28.71, 15.05, 0.0, 35.4, 65.87, 13.2, 12.41, 16.87, 42.85, 20.77, 31.74, 57.69], [0, 19.31, 9.79, 23.44, 42.35, 12.95, 6.02, 35.04, 18.71, 10.18, 9.02, 39.84, 35.4, 0.0, 31.62, 29.95, 24.97, 44.84, 23.28, 14.74, 15.91, 81.89], [0, 13.77, 40.96, 48.43, 71.46, 44.4, 36.01, 20.95, 50.32, 23.13, 37.16, 66.46, 65.87, 31.62, 0.0, 61.56, 54.11, 76.46, 31.19, 45.96, 36.6, 102.1], [0, 48.89, 21.01, 26.28, 22.32, 17.41, 26.18, 61.79, 11.27, 39.23, 26.34, 27.36, 13.2, 29.95, 61.56, 0.0, 16.86, 14.92, 44.46, 16.29, 32.65, 70.88], [0, 43.62, 15.67, 9.84, 17.53, 14.04, 19.14, 49.35, 14.85, 35.11, 17.13, 15.69, 12.41, 24.97, 54.11, 16.86, 0.0, 27.58, 30.53, 11.91, 19.33, 59.94], [0, 63.79, 35.72, 37.37, 22.07, 32.16, 40.86, 75.76, 26.18, 54.12, 40.67, 30.89, 16.87, 44.84, 76.46, 14.92, 27.58, 0.0, 57.64, 30.84, 45.96, 68.84], [0, 28.0, 25.68, 21.66, 45.57, 28.84, 21.55, 19.31, 35.44, 26.25, 19.48, 38.4, 42.85, 23.28, 31.19, 44.46, 30.53, 57.64, 0.0, 28.97, 11.8, 70.91], [0, 34.04, 5.01, 15.78, 28.3, 13.3, 10.04, 45.59, 6.54, 24.78, 10.09, 27.6, 20.77, 14.74, 45.96, 16.29, 11.91, 30.84, 28.97, 0.0, 17.38, 71.68], [0, 28.79, 14.74, 11.88, 35.63, 17.52, 11.79, 30.06, 23.92, 23.08, 8.84, 29.88, 31.74, 15.91, 36.6, 32.65, 19.33, 45.96, 11.8, 17.38, 0.0, 68.05], [0, 0, 0, 0, 0, 0, 0, 0, 0, 0, 0, 0, 0, 0, 0, 0, 0, 0, 0, 0, 0, 0]], "end_depot": 21, "horizon": [0.0, 2000.0],