{"cluster_count": 3, "cluster_speeds": [[0.925, 0.85, 0.925, 1.0, 0.8325, 0.765, 0.8325, 0.9, 0.4625, 0.425, 0.4625, 0.5, 0.30525, 0.2805, 0.30525, 0.33, 0.37, 0.34, 0.37, 0.4, 0.555, 0.51, 0.555, 0.6, 0.6475, 0.595, 0.6475, 0.7, 0.37, 0.34, 0.37, 0.4, 0.30525, 0.2805, 0.30525, 0.33, 0.4625, 0.425, 0.4625, 0.5, 0.6475, 0.595, 0.6475, 0.7, 0.74, 0.68, 0.74, 0.8, 0.6475, 0.595, 0.6475, 0.7, 0.4625, 0.425, 0.4625, 0.5, 0.555, 0.51, 0.555, 0.6, 0.6475, 0.595, 0.6475, 0.7, 0.8325, 0.765, 0.8325, 0.9, 0.925, 0.85, 0.925, 1.0, 1.0], [0.87875, 0.8075, 0.87875, 0.95, 0.790875, 0.72675, 0.790875, 0.855, 0.439375, 0.40375, 0.439375, 0.475, 0.289988, 0.266475, 0.289988, 0.3135, 0.3515, 0.323, 0.3515, 0.38, 0.52725, 0.4845, 0.52725, 0.57, 0.6475, 0.595, 0.6475, 0.7, 0.37, 0.34, 0.37, 0.4, 0.30525, 0.2805, 0.30525, 0.33, 0.4625, 0.425, 0.4625, 0.5, 0.6475, 0.595, 0.6475, 0.7, 0.74, 0.68, 0.74, 0.8, 0.615125, 0.56525, 0.615125, 0.665, 0.439375, 0.40375, 0.439375, 0.475, 0.52725, 0.4845, 0.52725, 0.57, 0.615125, 0.56525, 0.615125, 0.665, 0.790875, 0.72675, 0.790875, 0.855, 0.87875, 0.8075, 0.87875, 0.95, 0.95], [0.9065, 0.833, 0.9065, 0.98, 0.81585, 0.7497, 0.81585, 0.882, 0.45325, 0.4165, 0.45325, 0.49, 0.299145, 0.27489, 0.299145, 0.3234, 0.3626, 0.3332, 0.3626, 0.392, 0.5439, 0.4998, 0.5439, 0.588, 0.6475, 0.595, 0.6475, 0.7, 0.37, 0.34, 0.37, 0.4, 0.30525, 0.2805, 0.30525, 0.33, 0.4625, 0.425, 0.4625, 0.5, 0.6475, 0.595, 0.6475, 0.7, 0.74, 0.68, 0.74, 0.8, 0.63455, 0.5831, 0.63455, 0.686, 0.45325, 0.4165, 0.45325, 0.49, 0.5439, 0.4998, 0.5439, 0.588, 0.63455, 0.5831, 0.63455, 0.686, 0.81585, 0.7497, 0.81585, 0.882, 0.9065, 0.833, 0.9065, 0.98, 0.98]], "clusters": [[-1, 2, 2, 2, 2, 2, 2, 2, 2, 2, 2, 2, 2, 2, 2, 2, 2, 2, 2, 2, 2, -1], [0, -1, 0, 0, 0, 0, 0, 0, 0, 0, 0, 0, 0, 0, 0, 0, 0, 0, 0, 0, 0, 0], [0, 0, -1, 0, 0, 0, 0, 0, 0, 0, 0, 0, 0, 0, 0, 0, 0, 0, 0, 0, 0, 0], [0, 0, 0, -1, 0, 0, 0, 0, 0, 0, 0, 0, 0, 0, 0, 0, 0, 0, 0, 0, 0, 0], [0, 0, 0, 0, -1, 0, 0, 0, 0, 0, 0, 0, 0, 0, 0, 0, 0, 0, 0, 0, 0, 0], [0, 0, 0, 0, 0, -1, 0, 0, 0, 0, 0, 0, 0, 0, 0, 0, 0, 0, 0, 0, 0, 0], [0, 0, 0, 0, 0, 0, -1, 0, 0, 0, 0, 0, 0, 0, 0, 0, 0, 0, 0, 0, 0, 0], [0, 0, 0, 0, 0, 0, 0, -1, 0, 0, 0, 0, 0, 0, 0, 0, 0, 0, 0, 0, 0, 0], [0, 0, 0, 0, 0, 0, 0, 0, -1, 0, 0, 0, 0, 0, 0, 0, 0, 0, 0, 0, 0, 0], [0, 0, 0, 0, 0, 0, 0, 0, 0, -1, 0, 0, 0, 0, 0, 0, 0, 0, 0, 0, 0, 0], [0, 0, 0, 0, 0, 0, 0, 0, 0, 0, -1, 0, 0, 0, 0, 0, 0, 0, 0, 0, 0, 0], [0, 0, 0, 0, 0, 0, 0, 0, 0, 0, 0, -1, 0, 0, 0, 0, 0, 0, 0, 0, 0, 0], [0, 0, 0, 0, 0, 0, 0, 0, 0, 0, 0, 0, -1, 0, 0, 0, 0, 0, 0, 0, 0, 0], [0, 0, 0, 0, 0, 0, 0, 0, 0, 0, 0, 0, 0, -1, 0, 0, 0, 0, 0, 0, 0, 0], [0, 0, 0, 0, 0, 0, 0, 0, 0, 0, 0, 0, 0, 0, -1, 0, 0, 0, 0, 0, 0, 0], [0, 0, 0, 0, 0, 0, 0, 0, 0, 0, 0, 0, 0, 0, 0, -1, 0, 0, 0, 0, 0, 0], [0, 0, 0, 0, 0, 0, 0, 0, 0, 0, 0, 0, 0, 0, 0, 0, -1, 0, 0, 0, 0, 0], [0, 0, 0, 0, 0, 0, 0, 0, 0, 0, 0, 0, 0, 0, 0, 0, 0, -1, 0, 0, 0, 0], [0, 0, 0, 0, 0, 0, 0, 0, 0, 0, 0, 0, 0, 0, 0, 0, 0, 0, -1, 0, 0, 0], [0, 0, 0, 0, 0, 0, 0, 0, 0, 0, 0, 0, 0, 0, 0, 0, 0, 0, 0, -1, 0, 0], [1, 1, 1, 1, 1, 1, 1, 1, 1, 1, 1, 1, 1, 1, 1, 1, 1, 1, 1, 1, -1, 1], [-1, 2, 2, 2, 2, 2, 2, 2, 2, 2, 2, 2, 2, 2, 2, 2, 2, 2, 2, 2, 2, -1]], "dataset_name": "guerriero_et_al_2014b", "digraph": {"arc_count": 420, "arcs": [[0, 1, 1, 1, 1, 1, 1, 1, 1, 1, 1, 1, 1, 1, 1, 1, 1, 1, 1, 1, 1, 0], [0, 0, 1, 1, 1, 1, 1, 1, 1, 1, 1, 1, 1, 1, 1, 1, 1, 1, 1, 1, 1, 1], [0, 1, 0, 1, 1, 1, 1, 1, 1, 1, 1, 1, 1, 1, 1, 1, 1, 1, 1, 1, 1, 1], [0, 1, 1, 0, 1, 1, 1, 1, 1, 1, 1, 1, 1, 1, 1, 1, 1, 1, 1, 1, 1, 1], [0, 1, 1, 1, 0, 1, 1, 1, 1, 1, 1, 1, 1, 1, 1, 1, 1, 1, 1, 1, 1, 1], [0, 1, 1, 1, 1, 0, 1, 1, 1, 1, 1, 1, 1, 1, 1, 1, 1, 1, 1, 1, 1, 1], [0, 1, 1, 1, 1, 1, 0, 1, 1, 1, 1, 1, 1, 1, 1, 1, 1, 1, 1, 1, 1, 1], [0, 1, 1, 1, 1, 1, 1, 0, 1, 1, 1, 1, 1, 1, 1, 1, 1, 1, 1, 1, 1, 1], [0, 1, 1, 1, 1, 1, 1, 1, 0, 1, 1, 1, 1, 1, 1, 1, 1, 1, 1, 1, 1, 1], [0, 1, 1, 1, 1, 1, 1, 1, 1, 0, 1, 1, 1, 1, 1, 1, 1, 1, 1, 1, 1, 1], [0, 1, 1, 1, 1, 1, 1, 1, 1, 1, 0, 1, 1, 1, 1, 1, 1, 1, 1, 1, 1, 1], [0, 1, 1, 1, 1, 1, 1, 1, 1, 1, 1, 0, 1, 1, 1, 1, 1, 1, 1, 1, 1, 1], [0, 1, 1, 1, 1, 1, 1, 1, 1, 1, 1, 1, 0, 1, 1, 1, 1, 1, 1, 1, 1, 1], [0, 1, 1, 1, 1, 1, 1, 1, 1, 1, 1, 1, 1, 0, 1, 1, 1, 1, 1, 1, 1, 1], [0, 1, 1, 1, 1, 1, 1, 1, 1, 1, 1, 1, 1, 1, 0, 1, 1, 1, 1, 1, 1, 1], [0, 1, 1, 1, 1, 1, 1, 1, 1, 1, 1, 1, 1, 1, 1, 0, 1, 1, 1, 1, 1, 1], [0, 1, 1, 1, 1, 1, 1, 1, 1, 1, 1, 1, 1, 1, 1, 1, 0, 1, 1, 1, 1, 1], [0, 1, 1, 1, 1, 1, 1, 1, 1, 1, 1, 1, 1, 1, 1, 1, 1, 0, 1, 1, 1, 1], [0, 1, 1, 1, 1, 1, 1, 1, 1, 1, 1, 1, 1, 1, 1, 1, 1, 1, 0, 1, 1, 1], [0, 1, 1, 1, 1, 1, 1, 1, 1, 1, 1, 1, 1, 1, 1, 1, 1, 1, 1, 0, 1, 1], [0, 1, 1, 1, 1, 1, 1, 1, 1, 1, 1, 1, 1, 1, 1, 1, 1, 1, 1, 1, 0, 1], [0, 0, 0, 0, 0, 0, 0, 0, 0, 0, 0, 0, 0, 0, 0, 0, 0, 0, 0, 0, 0, 0]], "vertex_count": 22}, "distances": [[0, 77.94, 67.06, 72.52, 66.47, 76.03, 75.9, 69.26, 63.17, 75.12, 71.04, 70.69, 71.81, 70.85, 70.13, 77.29, 72.13, 81.77, 79.08, 70.6, 81.68, 0], [0, 0.0, 11.04, 8.03, 11.47, 4.31, 8.57, 10.72, 14.97, 9.0, 8.34, 12.06, 7.53, 7.12, 12.31, 4.22, 6.18, 7.34, 5.16, 7.41, 17.24, 77.94], [0, 11.04, 0.0, 9.15, 8.96, 9.12, 9.13, 4.59, 5.59, 8.48, 4.71, 7.99, 7.57, 4.48, 7.67, 10.41, 6.32, 15.21, 12.32, 9.77, 20.01, 67.06], [0, 8.03, 9.15, 0.0, 8.39, 10.2, 6.39, 12.09, 9.8, 5.67, 10.28, 15.03, 10.5, 5.32, 14.98, 11.01, 14.21, 15.23, 12.65, 6.92, 24.07, 72.52], [0, 11.47, 8.96, 8.39, 0.0, 10.08, 9.46, 6.14, 4.2, 8.72, 6.07, 9.54, 6.91, 4.47, 9.22, 11.37, 6.1, 16.23, 13.31, 4.17, 21.49, 66.47], [0, 4.31, 9.12, 10.2, 10.08, 0.0, 4.26, 7.24, 14.15, 4.68, 5.07, 7.91, 9.07, 6.73, 8.23, 8.53, 6.98, 6.16, 9.47, 6.04, 13.88, 76.03], [0, 8.57, 9.13, 6.39, 9.46, 4.26, 0.0, 9.38, 12.89, 8.94, 7.01, 11.22, 5.64, 5.06, 11.39, 4.77, 11.24, 8.86, 6.28, 5.5, 18.02, 75.9], [0, 10.72, 4.59, 12.09, 6.14, 7.24, 9.38, 0.0, 10.04, 9.09, 9.3, 12.58, 10.47, 6.77, 12.26, 8.37, 8.52, 12.53, 9.95, 5.18, 15.61, 69.26], [0, 14.97, 5.59, 9.8, 4.2, 14.15, 12.89, 10.04, 0.0, 12.07, 10.26, 13.34, 8.78, 7.88, 12.95, 15.42, 8.97, 20.31, 17.38, 8.12, 25.59, 63.17], [0, 9.0, 8.48, 5.67, 8.72, 4.68, 8.94, 9.09, 12.07, 0.0, 6.75, 11.15, 4.83, 4.28, 11.29, 5.36, 11.66, 9.64, 6.99, 4.87, 18.55, 75.12], [0, 8.34, 4.71, 10.28, 6.07, 5.07, 7.01, 9.3, 10.26, 6.75, 0.0, 4.75, 8.71, 5.07, 4.74, 6.28, 6.6, 10.79, 8.03, 10.24, 15.51, 71.04], [0, 12.06, 7.99, 15.03, 9.54, 7.91, 11.22, 12.58, 13.34, 11.15, 4.75, 0.0, 13.45, 9.79, 9.5, 8.68, 11.36, 11.75, 9.72, 8.18, 12.61, 70.69], [0, 7.53, 7.57, 10.5, 6.91, 9.07, 5.64, 10.47, 8.78, 4.83, 8.71, 13.45, 0.0, 9.11, 13.39, 9.99, 13.01, 14.46, 11.75, 5.31, 22.84, 71.81], [0, 7.12, 4.48, 5.32, 4.47, 6.73, 5.06, 6.77, 7.88, 4.28, 5.07, 9.79, 9.11, 0.0, 9.7, 7.91, 10.57, 12.77, 9.86, 8.65, 19.89, 70.85], [0, 12.31, 7.67, 14.98, 9.22, 8.23, 11.39, 12.26, 12.95, 11.29, 4.74, 9.5, 13.39, 9.7, 0.0, 9.05, 11.33, 12.25, 10.16, 8.09, 13.12, 70.13], [0, 4.22, 10.41, 11.01, 11.37, 8.53, 4.77, 8.37, 15.42, 5.36, 6.28, 8.68, 9.99, 7.91, 9.05, 0.0, 7.99, 4.9, 9.38, 7.3, 13.26, 77.29], [0, 6.18, 6.32, 14.21, 6.1, 6.98, 11.24, 8.52, 8.97, 11.66, 6.6, 11.36, 13.01, 10.57, 11.33, 7.99, 0.0, 12.64, 9.83, 10.27, 20.66, 72.13], [0, 7.34, 15.21, 15.23, 16.23, 6.16, 8.86, 12.53, 20.31, 9.64, 10.79, 11.75, 14.46, 12.77, 12.25, 4.9, 12.64, 0.0, 12.5, 12.2, 10.85, 81.77], [0, 5.16, 12.32, 12.65, 13.31, 9.47, 6.28, 9.95, 17.38, 6.99, 8.03, 9.72, 11.75, 9.86, 10.16, 9.38, 9.83, 12.5, 0.0, 9.27, 12.1, 79.08], [0, 7.41, 9.77, 6.92, 4.17, 6.04, 5.5, 5.18, 8.12, 4.87, 10.24, 8.18, 5.31, 8.65, 8.09, 7.3, 10.27, 12.2, 9.27, 0.0, 18.61, 70.6], [0, 17.24, 20.01, 24.07, 21.49, 13.88, 18.02, 15.61, 25.59, 18.55, 15.51, 12.61, 22.84, 19.89, 13.12, 13.26, 20.66, 10.85, 12.1, 18.61, 0.0, 81.68], [0, 0, 0, 0, 0, 0, 0, 0, 0, 0, 0, 0, 0, 0, 0, 0, 0, 0, 0, 0, 0, 0]], "end_depot": 21, "horizon": [0.0, 2000.0], "instance_name": "20_95_A_50_A5", "speed_zone_count": 73,