{"cluster_count": 3, "cluster_speeds": [[0.9065, 0.833, 0.9065, 0.98, 0.81585, 0.7497, 0.81585, 0.882, 0.45325, 0.4165, 0.45325, 0.49, 0.299145, 0.27489, 0.299145, 0.3234, 0.3626, 0.3332, 0.3626, 0.392, 0.5439, 0.4998, 0.5439, 0.588, 0.6475, 0.595, 0.6475, 0.7, 0.37, 0.34, 0.37, 0.4, 0.30525, 0.2805, 0.30525, 0.33, 0.4625, 0.425, 0.4625, 0.5, 0.6475, 0.595, 0.6475, 0.7, 0.74, 0.68, 0.74, 0.8, 0.63455, 0.5831, 0.63455, 0.686, 0.45325, 0.4165, 0.45325, 0.49, 0.5439, 0.4998, 0.5439, 0.588, 0.63455, 0.5831, 0.63455, 0.686, 0.81585, 0.7497, 0.81585, 0.882, 0.9065, 0.833, 0.9065, 0.98, 0.98], [0.91575, 0.8415, 0.91575, 0.99, 0.824175, 0.75735, 0.824175, 0.891, 0.457875, 0.42075, 0.457875, 0.495, 0.302198, 0.277695, 0.302198, 0.3267, 0.3663, 0.3366, 0.3663, 0.396, 0.54945, 0.5049, 0.54945, 0.594, 0.6475, 0.595, 0.6475, 0.7, 0.37, 0.34, 0.37, 0.4, 0.30525, 0.2805, 0.30525, 0.33, 0.4625, 0.425, 0.4625, 0.5, 0.6475, 0.595, 0.6475, 0.7, 0.74, 0.68, 0.74, 0.8, 0.641025, 0.58905, 0.641025, 0.693, 0.457875, 0.42075, 0.457875, 0.495, 0.54945, 0.5049, 0.54945, 0.594, 0.641025, 0.58905, 0.641025, 0.693, 0.824175, 0.75735, 0.824175, 0.891, 0.91575, 0.8415, 0.91575, 0.99, 0.99], [0.925, 0.85, 0.925, 1.0, 0.8325, 0.765, 0.8325, 0.9, 0.4625, 0.425, 0.4625, 0.5, 0.30525, 0.2805, 0.30525, 0.33, 0.37, 0.34, 0.37, 0.4, 0.555, 0.51, 0.555, 0.6, 0.6475, 0.595, 0.6475, 0.7, 0.37, 0.34, 0.37, 0.4, 0.30525, 0.2805, 0.30525, 0.33, 0.4625, 0.425, 0.4625, 0.5, 0.6475, 0.595, 0.6475, 0.7, 0.74, 0.68, 0.74, 0.8, 0.6475, 0.595, 0.6475, 0.7, 0.4625, 0.425, 0.4625, 0.5, 0.555, 0.51, 0.555, 0.6, 0.6475, 0.595, 0.6475, 0.7, 0.8325, 0.765, 0.8325, 0.9, 0.925, 0.85, 0.925, 1.0, 1.0]], "clusters": [[-1, 2, 2, 2, 2, 2, 2, 2, 2, 2, 2, 2, 2, 2, 2, 2, 2, 2, 2, 2, 2, -1], [0, -1, 0, 0, 0, 0, 0, 0, 0, 0, 0, 0, 0, 0, 0, 0, 0, 0, 0, 0, 0, 0], [0, 0, -1, 0, 0, 0, 0, 0, 0, 0, 0, 0, 0, 0, 0, 0, 0, 0, 0, 0, 0, 0], [0, 0, 0, -1, 0, 0, 0, 0, 0, 0, 0, 0, 0, 0, 0, 0, 0, 0, 0, 0, 0, 0], [2, 2, 2, 2, -1, 2, 2, 2, 2, 2, 2, 2, 2, 2, 2, 2, 2, 2, 2, 2, 2, 2], [2, 2, 2, 2, 2, -1, 2, 2, 2, 2, 2, 2, 2, 2, 2, 2, 2, 2, 2, 2, 2, 2], [0, 0, 0, 0, 0, 0, -1, 0, 0, 0, 0, 0, 0, 0, 0, 0, 0, 0, 0, 0, 0, 0], [0, 0, 0, 0, 0, 0, 0, -1, 0, 0, 0, 0, 0, 0, 0, 0, 0, 0, 0, 0, 0, 0], [0, 0, 0, 0, 0, 0, 0, 0, -1, 0, 0, 0, 0, 0, 0, 0, 0, 0, 0, 0, 0, 0], [2, 2, 2, 2, 2, 2, 2, 2, 2, -1, 2, 2, 2, 2, 2, 2, 2, 2, 2, 2, 2, 2], [0, 0, 0, 0, 0, 0, 0, 0, 0, 0, -1, 0, 0, 0, 0, 0, 0, 0, 0, 0, 0, 0], [1, 1, 1, 1, 1, 1, 1, 1, 1, 1, 1, -1, 1, 1, 1, 1, 1, 1, 1, 1, 1, 1], [0, 0, 0, 0, 0, 0, 0, 0, 0, 0, 0, 0, -1, 0, 0, 0, 0, 0, 0, 0, 0, 0], [0, 0, 0, 0, 0, 0, 0, 0, 0, 0, 0, 0, 0, -1, 0, 0, 0, 0, 0, 0, 0, 0], [2, 2, 2, 2, 2, 2, 2, 2, 2, 2, 2, 2, 2, 2, -1, 2, 2, 2, 2, 2, 2, 2], [2, 2, 2, 2, 2, 2, 2, 2, 2, 2, 2, 2, 2, 2, 2, -1, 2, 2, 2, 2, 2, 2], [0, 0, 0, 0, 0, 0, 0, 0, 0, 0, 0, 0, 0, 0, 0, 0, -1, 0, 0, 0, 0, 0], [0, 0, 0, 0, 0, 0, 0, 0, 0, 0, 0, 0, 0, 0, 0, 0, 0, -1, 0, 0, 0, 0], [1, 1, 1, 1, 1, 1, 1, 1, 1, 1, 1, 1, 1, 1, 1, 1, 1, 1, -1, 1, 1, 1], [0, 0, 0, 0, 0, 0, 0, 0, 0, 0, 0, 0, 0, 0, 0, 0, 0, 0, 0, -1, 0, 0], [0, 0, 0, 0, 0, 0, 0, 0, 0, 0, 0, 0, 0, 0, 0, 0, 0, 0, 0, 0, -1, 0], [-1, 2, 2, 2, 2, 2, 2, 2, 2, 2, 2, 2, 2, 2, 2, 2, 2, 2, 2, 2, 2, -1]], "dataset_name": "guerriero_et_al_2014b", "digraph": {"arc_count": 420, "arcs": [[0, 1, 1, 1, 1, 1, 1, 1, 1, 1, 1, 1, 1, 1, 1, 1, 1, 1, 1, 1, 1, 0], [0, 0, 1, 1, 1, 1, 1, 1, 1, 1, 1, 1, 1, 1, 1, 1, 1, 1, 1, 1, 1, 1], [0, 1, 0, 1, 1, 1, 1, 1, 1, 1, 1, 1, 1, 1, 1, 1, 1, 1, 1, 1, 1, 1], [0, 1, 1, 0, 1, 1, 1, 1, 1, 1, 1, 1, 1, 1, 1, 1, 1, 1, 1, 1, 1, 1], [0, 1, 1, 1, 0, 1, 1, 1, 1, 1, 1, 1, 1, 1, 1, 1, 1, 1, 1, 1, 1, 1], [0, 1, 1, 1, 1, 0, 1, 1, 1, 1, 1, 1, 1, 1, 1, 1, 1, 1, 1, 1, 1, 1], [0, 1, 1, 1, 1, 1, 0, 1, 1, 1, 1, 1, 1, 1, 1, 1, 1, 1, 1, 1, 1, 1], [0, 1, 1, 1, 1, 1, 1, 0, 1, 1, 1, 1, 1, 1, 1, 1, 1, 1, 1, 1, 1, 1], [0, 1, 1, 1, 1, 1, 1, 1, 0, 1, 1, 1, 1, 1, 1, 1, 1, 1, 1, 1, 1, 1], [0, 1, 1, 1, 1, 1, 1, 1, 1, 0, 1, 1, 1, 1, 1, 1, 1, 1, 1, 1, 1, 1], [0, 1, 1, 1, 1, 1, 1, 1, 1, 1, 0, 1, 1, 1, 1, 1, 1, 1, 1, 1, 1, 1], [0, 1, 1, 1, 1, 1, 1, 1, 1, 1, 1, 0, 1, 1, 1, 1, 1, 1, 1, 1, 1, 1], [0, 1, 1, 1, 1, 1, 1, 1, 1, 1, 1, 1, 0, 1, 1, 1, 1, 1, 1, 1, 1, 1], [0, 1, 1, 1, 1, 1, 1, 1, 1, 1, 1, 1, 1, 0, 1, 1, 1, 1, 1, 1, 1, 1], [0, 1, 1, 1, 1, 1, 1, 1, 1, 1, 1, 1, 1, 1, 0, 1, 1, 1, 1, 1, 1, 1], [0, 1, 1, 1, 1, 1, 1, 1, 1, 1, 1, 1, 1, 1, 1, 0, 1, 1, 1, 1, 1, 1], [0, 1, 1, 1, 1, 1, 1, 1, 1, 1, 1, 1, 1, 1, 1, 1, 0, 1, 1, 1, 1, 1], [0, 1, 1, 1, 1, 1, 1, 1, 1, 1, 1, 1, 1, 1, 1, 1, 1, 0, 1, 1, 1, 1], [0, 1, 1, 1, 1, 1, 1, 1, 1, 1, 1, 1, 1, 1, 1, 1, 1, 1, 0, 1, 1, 1], [0, 1, 1, 1, 1, 1, 1, 1, 1, 1, 1, 1, 1, 1, 1, 1, 1, 1, 1, 0, 1, 1], [0, 1, 1, 1, 1, 1, 1, 1, 1, 1, 1, 1, 1, 1, 1, 1, 1, 1, 1, 1, 0, 1], [0, 0, 0, 0, 0, 0, 0, 0, 0, 0, 0, 0, 0, 0, 0, 0, 0, 0, 0, 0, 0, 0]], "vertex_count": 22}, "distances": [[0, 73.61, 63.16, 70.19, 72.56, 96.62, 68.94, 75.75, 63.25, 80.31, 81.22, 82.09, 57.2, 72.89, 83.74, 93.05, 75.76, 61.63, 46.37, 85.07, 78.67, 0], [0, 0.0, 11.81, 15.33, 29.89, 23.76, 5.79, 12.65, 11.86, 27.81, 10.12, 21.19, 17.31, 12.87, 36.3, 43.6, 13.8, 11.99, 27.34, 11.47, 14.53, 73.61], [0, 11.81, 0.0, 11.04, 34.29, 33.47, 6.16, 12.93, 10.42, 25.85, 18.07, 22.54, 5.96, 19.88, 33.6, 42.44, 14.07, 5.71, 17.98, 22.78, 17.01, 63.16], [0, 15.33, 11.04, 0.0, 43.6, 28.76, 11.2, 13.58, 20.65, 14.83, 14.37, 12.32, 15.16, 27.43, 22.78, 31.43, 16.82, 16.56, 27.66, 22.14, 8.75, 70.19], [0, 29.89, 34.29, 43.6, 0.0, 46.64, 32.43, 33.21, 23.93, 57.47, 38.81, 51.07, 35.18, 17.12, 65.89, 73.47, 29.76, 28.96, 33.89, 34.15, 44.42, 72.56], [0, 23.76, 33.47, 28.76, 46.64, 0.0, 27.74, 21.05, 35.49, 29.69, 15.46, 21.63, 39.43, 31.42, 36.11, 38.37, 21.95, 35.5, 50.77, 13.38, 20.3, 96.62], [0, 5.79, 6.16, 11.2, 32.43, 27.74, 0.0, 6.85, 10.44, 25.29, 12.62, 20.1, 11.96, 16.32, 33.6, 41.69, 8.0, 8.16, 23.09, 16.63, 13.71, 68.94], [0, 12.65, 12.93, 13.58, 33.21, 21.05, 6.85, 0.0, 15.11, 24.87, 6.65, 17.88, 18.8, 16.11, 33.36, 40.36, 14.86, 14.46, 29.73, 9.93, 11.27, 75.75], [0, 11.86, 10.42, 20.65, 23.93, 35.49, 10.44, 15.11, 0.0, 35.33, 21.74, 30.54, 11.85, 11.45, 43.42, 51.86, 13.54, 5.07, 17.07, 22.6, 24.13, 63.25], [0, 27.81, 25.85, 14.83, 57.47, 29.69, 25.29, 24.87, 35.33, 0.0, 21.49, 8.5, 29.36, 40.66, 8.49, 16.6, 28.5, 31.39, 41.42, 29.76, 13.88, 80.31], [0, 10.12, 18.07, 14.37, 38.81, 15.46, 12.62, 6.65, 21.74, 21.49, 0.0, 13.42, 24.02, 21.76, 29.75, 35.68, 9.3, 20.69, 35.69, 8.46, 7.85, 81.22], [0, 21.19, 22.54, 12.32, 51.07, 21.63, 20.1, 17.88, 30.54, 8.5, 13.42, 0.0, 27.35, 33.99, 16.4, 22.51, 21.43, 27.46, 39.9, 21.45, 6.67, 82.09], [0, 17.31, 5.96, 15.16, 35.18, 39.43, 11.96, 18.8, 11.85, 29.36, 24.02, 27.35, 0.0, 22.97, 36.44, 45.71, 19.58, 7.06, 12.56, 28.56, 22.38, 57.2], [0, 12.87, 19.88, 27.43, 17.12, 31.42, 16.32, 16.11, 11.45, 40.66, 21.76, 33.99, 22.97, 0.0, 49.13, 56.45, 12.65, 15.91, 27.69, 18.17, 27.36, 72.89], [0, 36.3, 33.6, 22.78, 65.89, 36.11, 33.6, 33.36, 43.42, 8.49, 29.75, 16.4, 36.44, 49.13, 0.0, 9.64, 36.99, 39.25, 47.93, 37.85, 22.31, 83.74], [0, 43.6, 42.44, 31.43, 73.47, 38.37, 41.69, 40.36, 51.86, 16.6, 35.68, 22.51, 45.71, 56.45, 9.64, 0.0, 43.93, 47.99, 57.42, 43.07, 29.1, 93.05], [0, 13.8, 14.07, 16.82, 29.76, 21.95, 8.0, 14.86, 13.54, 28.5, 9.3, 21.43, 19.58, 12.65, 36.99, 43.93, 0.0, 14.13, 29.44, 9.32, 14.86, 75.76], [0, 11.99, 5.71, 16.56, 28.96, 35.5, 8.16, 14.46, 5.07, 31.39, 20.69, 27.46, 7.06, 15.91, 39.25, 47.99, 14.13, 0.0, 15.36, 23.44, 21.43, 61.63], [0, 27.34, 17.98, 27.66, 33.89, 50.77, 23.09, 29.73, 17.07, 41.42, 35.69, 39.9, 12.56, 27.69, 47.93, 57.42, 29.44, 15.36, 0.0, 38.77, 34.87, 46.37], [0, 11.47, 22.78, 22.14, 34.15, 13.38, 16.63, 9.93, 22.6, 29.76, 8.46, 21.45, 28.56, 18.17, 37.85, 43.07, 9.32, 23.44, 38.77, 0.0, 16.31, 85.07], [0, 14.53, 17.01, 8.75, 44.42, 20.3, 13.71, 11.27, 24.13, 13.88, 7.85, 6.67, 22.38, 27.36, 22.31, 29.1, 14.86, 21.43, 34.87, 16.31, 0.0, 78.67], [0, 0, 0, 0, 0, 0, 0, 0, 0, 0, 0, 0, 0, 0, 0, 0, 0, 0, 0, 0, 0, 0]], "end_depot": 21, "horizon": [0.0, 2000.0],