{"cluster_count": 3, "cluster_speeds": [[0.9065, 0.833, 0.9065, 0.98, 0.81585, 0.7497, 0.81585, 0.882, 0.45325, 0.4165, 0.45325, 0.49, 0.299145, 0.27489, 0.299145, 0.3234, 0.3626, 0.3332, 0.3626, 0.392, 0.5439, 0.4998, 0.5439, 0.588, 0.6475, 0.595, 0.6475, 0.7, 0.37, 0.34, 0.37, 0.4, 0.30525, 0.2805, 0.30525, 0.33, 0.4625, 0.425, 0.4625, 0.5, 0.6475, 0.595, 0.6475, 0.7, 0.74, 0.68, 0.74, 0.8, 0.63455, 0.5831, 0.63455, 0.686, 0.45325, 0.4165, 0.45325, 0.49, 0.5439, 0.4998, 0.5439, 0.588, 0.63455, 0.5831, 0.63455, 0.686, 0.81585, 0.7497, 0.81585, 0.882, 0.9065, 0.833, 0.9065, 0.98, 0.98], [0.91575, 0.8415, 0.91575, 0.99, 0.824175, 0.75735, 0.824175, 0.891, 0.457875, 0.42075, 0.457875, 0.495, 0.302198, 0.277695, 0.302198, 0.3267, 0.3663, 0.3366, 0.3663, 0.396, 0.54945, 0.5049, 0.54945, 0.594, 0.6475, 0.595, 0.6475, 0.7, 0.37, 0.34, 0.37, 0.4, 0.30525, 0.2805, 0.30525, 0.33, 0.4625, 0.425, 0.4625, 0.5, 0.6475, 0.595, 0.6475, 0.7, 0.74, 0.68, 0.74, 0.8, 0.641025, 0.58905, 0.641025, 0.693, 0.457875, 0.42075, 0.457875, 0.495, 0.54945, 0.5049, 0.54945, 0.594, 0.641025, 0.58905, 0.641025, 0.693, 0.824175, 0.75735, 0.824175, 0.891, 0.91575, 0.8415, 0.91575, 0.99, 0.99], [0.925, 0.85, 0.925, 1.0, 0.8325, 0.765, 0.8325, 0.9, 0.4625, 0.425, 0.4625, 0.5, 0.30525, 0.2805, 0.30525, 0.33, 0.37, 0.34, 0.37, 0.4, 0.555, 0.51, 0.555, 0.6, 0.6475, 0.595, 0.6475, 0.7, 0.37, 0.34, 0.37, 0.4, 0.30525, 0.2805, 0.30525, 0.33, 0.4625, 0.425, 0.4625, 0.5, 0.6475, 0.595, 0.6475, 0.7, 0.74, 0.68, 0.74, 0.8, 0.6475, 0.595, 0.6475, 0.7, 0.4625, 0.425, 0.4625, 0.5, 0.555, 0.51, 0.555, 0.6, 0.6475, 0.595, 0.6475, 0.7, 0.8325, 0.765, 0.8325, 0.9, 0.925, 0.85, 0.925, 1.0, 1.0]], "clusters": [[-1, 2, 2, 2, 2, 2, 2, 2, 2, 2, 2, 2, 2, 2, 2, 2, 2, 2, 2, 2, 2, -1], [0, -1, 0, 0, 0, 0, 0, 0, 0, 0, 0, 0, 0, 0, 0, 0, 0, 0, 0, 0, 0, 0], [0, 0, -1, 0, 0, 0, 0, 0, 0, 0, 0, 0, 0, 0, 0, 0, 0, 0, 0, 0, 0, 0], [1, 1, 1, -1, 1, 1, 1, 1, 1, 1, 1, 1, 1, 1, 1, 1, 1, 1, 1, 1, 1, 1], [0, 0, 0, 0, -1, 0, 0, 0, 0, 0, 0, 0, 0, 0, 0, 0, 0, 0, 0, 0, 0, 0], [0, 0, 0, 0, 0, -1, 0, 0, 0, 0, 0, 0, 0, 0, 0, 0, 0, 0, 0, 0, 0, 0], [0, 0, 0, 0, 0, 0, -1, 0, 0, 0, 0, 0, 0, 0, 0, 0, 0, 0, 0, 0, 0, 0], [1, 1, 1, 1, 1, 1, 1, -1, 1, 1, 1, 1, 1, 1, 1, 1, 1, 1, 1, 1, 1, 1], [0, 0, 0, 0, 0, 0, 0, 0, -1, 0, 0, 0, 0, 0, 0, 0, 0, 0, 0, 0, 0, 0], [1, 1, 1, 1, 1, 1, 1, 1, 1, -1, 1, 1, 1, 1, 1, 1, 1, 1, 1, 1, 1, 1], [1, 1, 1, 1, 1, 1, 1, 1, 1, 1, -1, 1, 1, 1, 1, 1, 1, 1, 1, 1, 1, 1], [0, 0, 0, 0, 0, 0, 0, 0, 0, 0, 0, -1, 0, 0, 0, 0, 0, 0, 0, 0, 0, 0], [0, 0, 0, 0, 0, 0, 0, 0, 0, 0, 0, 0, -1, 0, 0, 0, 0, 0, 0, 0, 0, 0], [1, 1, 1, 1, 1, 1, 1, 1, 1, 1, 1, 1, 1, -1, 1, 1, 1, 1, 1, 1, 1, 1], [0, 0, 0, 0, 0, 0, 0, 0, 0, 0, 0, 0, 0, 0, -1, 0, 0, 0, 0, 0, 0, 0], [2, 2, 2, 2, 2, 2, 2, 2, 2, 2, 2, 2, 2, 2, 2, -1, 2, 2, 2, 2, 2, 2], [0, 0, 0, 0, 0, 0, 0, 0, 0, 0, 0, 0, 0, 0, 0, 0, -1, 0, 0, 0, 0, 0], [1, 1, 1, 1, 1, 1, 1, 1, 1, 1, 1, 1, 1, 1, 1, 1, 1, -1, 1, 1, 1, 1], [0, 0, 0, 0, 0, 0, 0, 0, 0, 0, 0, 0, 0, 0, 0, 0, 0, 0, -1, 0, 0, 0], [2, 2, 2, 2, 2, 2, 2, 2, 2, 2, 2, 2, 2, 2, 2, 2, 2, 2, 2, -1, 2, 2], [1, 1, 1, 1, 1, 1, 1, 1, 1, 1, 1, 1, 1, 1, 1, 1, 1, 1, 1, 1, -1, 1], [-1, 2, 2, 2, 2, 2, 2, 2, 2, 2, 2, 2, 2, 2, 2, 2, 2, 2, 2, 2, 2, -1]], "dataset_name": "guerriero_et_al_2014b", "digraph": {"arc_count": 420, "arcs": [[0, 1, 1, 1, 1, 1, 1, 1, 1, 1, 1, 1, 1, 1, 1, 1, 1, 1, 1, 1, 1, 0], [0, 0, 1, 1, 1, 1, 1, 1, 1, 1, 1, 1, 1, 1, 1, 1, 1, 1, 1, 1, 1, 1], [0, 1, 0, 1, 1, 1, 1, 1, 1, 1, 1, 1, 1, 1, 1, 1, 1, 1, 1, 1, 1, 1], [0, 1, 1, 0, 1, 1, 1, 1, 1, 1, 1, 1, 1, 1, 1, 1, 1, 1, 1, 1, 1, 1], [0, 1, 1, 1, 0, 1, 1, 1, 1, 1, 1, 1, 1, 1, 1, 1, 1, 1, 1, 1, 1, 1], [0, 1, 1, 1, 1, 0, 1, 1, 1, 1, 1, 1, 1, 1, 1, 1, 1, 1, 1, 1, 1, 1], [0, 1, 1, 1, 1, 1, 0, 1, 1, 1, 1, 1, 1, 1, 1, 1, 1, 1, 1, 1, 1, 1], [0, 1, 1, 1, 1, 1, 1, 0, 1, 1, 1, 1, 1, 1, 1, 1, 1, 1, 1, 1, 1, 1], [0, 1, 1, 1, 1, 1, 1, 1, 0, 1, 1, 1, 1, 1, 1, 1, 1, 1, 1, 1, 1, 1], [0, 1, 1, 1, 1, 1, 1, 1, 1, 0, 1, 1, 1, 1, 1, 1, 1, 1, 1, 1, 1, 1], [0, 1, 1, 1, 1, 1, 1, 1, 1, 1, 0, 1, 1, 1, 1, 1, 1, 1, 1, 1, 1, 1], [0, 1, 1, 1, 1, 1, 1, 1, 1, 1, 1, 0, 1, 1, 1, 1, 1, 1, 1, 1, 1, 1], [0, 1, 1, 1, 1, 1, 1, 1, 1, 1, 1, 1, 0, 1, 1, 1, 1, 1, 1, 1, 1, 1], [0, 1, 1, 1, 1, 1, 1, 1, 1, 1, 1, 1, 1, 0, 1, 1, 1, 1, 1, 1, 1, 1], [0, 1, 1, 1, 1, 1, 1, 1, 1, 1, 1, 1, 1, 1, 0, 1, 1, 1, 1, 1, 1, 1], [0, 1, 1, 1, 1, 1, 1, 1, 1, 1, 1, 1, 1, 1, 1, 0, 1, 1, 1, 1, 1, 1], [0, 1, 1, 1, 1, 1, 1, 1, 1, 1, 1, 1, 1, 1, 1, 1, 0, 1, 1, 1, 1, 1], [0, 1, 1, 1, 1, 1, 1, 1, 1, 1, 1, 1, 1, 1, 1, 1, 1, 0, 1, 1, 1, 1], [0, 1, 1, 1, 1, 1, 1, 1, 1, 1, 1, 1, 1, 1, 1, 1, 1, 1, 0, 1, 1, 1], [0, 1, 1, 1, 1, 1, 1, 1, 1, 1, 1, 1, 1, 1, 1, 1, 1, 1, 1, 0, 1, 1], [0, 1, 1, 1, 1, 1, 1, 1, 1, 1, 1, 1, 1, 1, 1, 1, 1, 1, 1, 1, 0, 1], [0, 0, 0, 0, 0, 0, 0, 0, 0, 0, 0, 0, 0, 0, 0, 0, 0, 0, 0, 0, 0, 0]], "vertex_count": 22}, "distances": [[0, 67.82, 82.45, 54.65, 83.17, 57.35, 69.31, 64.0, 66.16, 74.89, 82.08, 71.46, 57.57, 88.82, 57.69, 90.88, 72.57, 80.8, 60.91, 87.99, 61.81, 0], [0, 0.0, 14.95, 13.32, 15.51, 10.47, 12.38, 17.24, 8.61, 16.98, 19.78, 4.55, 12.31, 21.02, 10.21, 35.21, 6.62, 18.31, 6.92, 28.17, 21.84, 67.82], [0, 14.95, 0.0, 27.8, 12.84, 25.28, 13.53, 24.14, 17.46, 21.6, 18.48, 10.99, 25.32, 6.94, 24.8, 33.9, 10.06, 17.66, 21.8, 25.76, 28.91, 82.45], [0, 13.32, 27.8, 0.0, 28.52, 11.61, 14.82, 16.1, 12.77, 25.8, 31.05, 16.81, 5.14, 34.21, 10.23, 44.73, 18.03, 29.58, 6.66, 38.86, 18.36, 54.65], [0, 15.51, 12.84, 28.52, 0.0, 25.91, 14.05, 25.31, 18.48, 21.04, 17.57, 11.74, 26.2, 5.9, 25.49, 32.84, 10.98, 16.81, 22.4, 24.69, 30.1, 83.17], [0, 10.47, 25.28, 11.61, 25.91, 0.0, 11.96, 17.01, 11.87, 22.43, 27.65, 14.37, 6.47, 31.48, 11.56, 41.37, 15.85, 26.19, 14.05, 35.46, 20.0, 57.35], [0, 12.38, 13.53, 14.82, 14.05, 11.96, 0.0, 17.89, 9.19, 16.48, 18.76, 16.94, 13.66, 19.53, 11.71, 34.39, 5.76, 17.31, 8.41, 27.2, 22.59, 69.31], [0, 17.24, 24.14, 16.1, 25.31, 17.01, 17.89, 0.0, 8.71, 34.22, 36.42, 16.42, 10.97, 30.99, 15.57, 52.26, 15.52, 35.02, 16.58, 44.88, 4.91, 64.0], [0, 8.61, 17.46, 12.77, 18.48, 11.87, 9.19, 8.71, 0.0, 25.57, 27.77, 7.99, 8.65, 24.38, 10.67, 43.55, 7.66, 26.35, 9.87, 36.23, 13.46, 66.16], [0, 16.98, 21.6, 25.8, 21.04, 22.43, 16.48, 34.22, 25.57, 0.0, 7.64, 19.0, 27.48, 23.07, 23.23, 18.96, 20.9, 6.77, 19.96, 13.46, 38.75, 74.89], [0, 19.78, 18.48, 31.05, 17.57, 27.65, 18.76, 36.42, 27.77, 7.64, 0.0, 20.08, 31.69, 17.77, 28.16, 16.13, 21.44, 14.41, 24.63, 8.47, 41.23, 82.08], [0, 4.55, 10.99, 16.81, 11.74, 14.37, 16.94, 16.42, 7.99, 19.0, 20.08, 0.0, 14.6, 17.53, 13.82, 36.09, 11.17, 18.72, 10.96, 28.54, 21.29, 71.46], [0, 12.31, 25.32, 5.14, 26.2, 6.47, 13.66, 10.97, 8.65, 27.48, 31.69, 14.6, 0.0, 32.06, 5.09, 46.38, 15.26, 30.21, 7.58, 39.89, 13.56, 57.57], [0, 21.02, 6.94, 34.21, 5.9, 31.48, 19.53, 30.99, 24.38, 23.07, 17.77, 17.53, 32.06, 0.0, 31.15, 31.31, 16.88, 17.48, 27.93, 23.3, 35.72, 88.82], [0, 10.21, 24.8, 10.23, 25.49, 11.56, 11.71, 15.57, 10.67, 23.23, 28.16, 13.82, 5.09, 31.15, 0.0, 42.19, 15.16, 26.69, 12.67, 36.1, 18.59, 57.69], [0, 35.21, 33.9, 44.73, 32.84, 41.37, 34.39, 52.26, 43.55, 18.96, 16.13, 36.09, 46.38, 31.31, 42.19, 0.0, 37.53, 17.41, 38.9, 8.15, 56.99, 90.88], [0, 6.62, 10.06, 18.03, 10.98, 15.85, 5.76, 15.52, 7.66, 20.9, 21.44, 11.17, 15.26, 16.88, 15.16, 37.53, 0.0, 20.12, 12.59, 29.83, 20.43, 72.57], [0, 18.31, 17.66, 29.58, 16.81, 26.19, 17.31, 35.02, 26.35, 6.77, 14.41, 18.72, 30.21, 17.48, 26.69, 17.41, 20.12, 0.0, 23.15, 9.89, 39.81, 80.8], [0, 6.92, 21.8, 6.66, 22.4, 14.05, 8.41, 16.58, 9.87, 19.96, 24.63, 10.96, 7.58, 27.93, 12.67, 38.9, 12.59, 23.15, 0.0, 32.64, 20.26, 60.91], [0, 28.17, 25.76, 38.86, 24.69, 35.46, 27.2, 44.88, 36.23, 13.46, 8.47, 28.54, 39.89, 23.3, 36.1, 8.15, 29.83, 9.89, 32.64, 0.0, 49.7, 87.99], [0, 21.84, 28.91, 18.36, 30.1, 20.0, 22.59, 4.91, 13.46, 38.75, 41.23, 21.29, 13.56, 35.72, 18.59, 56.99, 20.43, 39.81, 20.26, 49.7, 0.0, 61.81], [0, 0, 0, 0, 0, 0, 0, 0, 0, 0, 0, 0, 0, 0, 0, 0, 0, 0, 0, 0, 0, 0]], "end_depot": 21, "horizon": [0.0, 2000.0],