{"cluster_count": 3, "cluster_speeds": [[0.8325, 0.765, 0.8325, 0.9, 0.74925, 0.6885, 0.74925, 0.81, 0.41625, 0.3825, 0.41625, 0.45, 0.274725, 0.25245, 0.274725, 0.297, 0.333, 0.306, 0.333, 0.36, 0.4995, 0.459, 0.4995, 0.54, 0.6475, 0.595, 0.6475, 0.7, 0.37, 0.34, 0.37, 0.4, 0.30525, 0.2805, 0.30525, 0.33, 0.4625, 0.425, 0.4625, 0.5, 0.6475, 0.595, 0.6475, 0.7, 0.74, 0.68, 0.74, 0.8, 0.58275, 0.5355, 0.58275, 0.63, 0.41625, 0.3825, 0.41625, 0.45, 0.4995, 0.459, 0.4995, 0.54, 0.58275, 0.5355, 0.58275, 0.63, 0.74925, 0.6885, 0.74925, 0.81, 0.8325, 0.765, 0.8325, 0.9, 0.9], [0.87875, 0.8075, 0.87875, 0.95, 0.790875, 0.72675, 0.790875, 0.855, 0.439375, 0.40375, 0.439375, 0.475, 0.289988, 0.266475, 0.289988, 0.3135, 0.3515, 0.323, 0.3515, 0.38, 0.52725, 0.4845, 0.52725, 0.57, 0.6475, 0.595, 0.6475, 0.7, 0.37, 0.34, 0.37, 0.4, 0.30525, 0.2805, 0.30525, 0.33, 0.4625, 0.425, 0.4625, 0.5, 0.6475, 0.595, 0.6475, 0.7, 0.74, 0.68, 0.74, 0.8, 0.615125, 0.56525, 0.615125, 0.665, 0.439375, 0.40375, 0.439375, 0.475, 0.52725, 0.4845, 0.52725, 0.57, 0.615125, 0.56525, 0.615125, 0.665, 0.790875, 0.72675, 0.790875, 0.855, 0.87875, 0.8075, 0.87875, 0.95, 0.95], [0.925, 0.85, 0.925, 1.0, 0.8325, 0.765, 0.8325, 0.9, 0.4625, 0.425, 0.4625, 0.5, 0.30525, 0.2805, 0.30525, 0.33, 0.37, 0.34, 0.37, 0.4, 0.555, 0.51, 0.555, 0.6, 0.6475, 0.595, 0.6475, 0.7, 0.37, 0.34, 0.37, 0.4, 0.30525, 0.2805, 0.30525, 0.33, 0.4625, 0.425, 0.4625, 0.5, 0.6475, 0.595, 0.6475, 0.7, 0.74, 0.68, 0.74, 0.8, 0.6475, 0.595, 0.6475, 0.7, 0.4625, 0.425, 0.4625, 0.5, 0.555, 0.51, 0.555, 0.6, 0.6475, 0.595, 0.6475, 0.7, 0.8325, 0.765, 0.8325, 0.9, 0.925, 0.85, 0.925, 1.0, 1.0]], "clusters": [[-1, 2, 2, 2, 2, 2, 2, 2, 2, 2, 2, 2, 2, 2, 2, 2, 2, 2, 2, 2, 2, -1], [1, -1, 1, 1, 1, 1, 1, 1, 1, 1, 1, 1, 1, 1, 1, 1, 1, 1, 1, 1, 1, 1], [1, 1, -1, 1, 1, 1, 1, 1, 1, 1, 1, 1, 1, 1, 1, 1, 1, 1, 1, 1, 1, 1], [0, 0, 0, -1, 0, 0, 0, 0, 0, 0, 0, 0, 0, 0, 0, 0, 0, 0, 0, 0, 0, 0], [1, 1, 1, 1, -1, 1, 1, 1, 1, 1, 1, 1, 1, 1, 1, 1, 1, 1, 1, 1, 1, 1], [0, 0, 0, 0, 0, -1, 0, 0, 0, 0, 0, 0, 0, 0, 0, 0, 0, 0, 0, 0, 0, 0], [0, 0, 0, 0, 0, 0, -1, 0, 0, 0, 0, 0, 0, 0, 0, 0, 0, 0, 0, 0, 0, 0], [0, 0, 0, 0, 0, 0, 0, -1, 0, 0, 0, 0, 0, 0, 0, 0, 0, 0, 0, 0, 0, 0], [1, 1, 1, 1, 1, 1, 1, 1, -1, 1, 1, 1, 1, 1, 1, 1, 1, 1, 1, 1, 1, 1], [1, 1, 1, 1, 1, 1, 1, 1, 1, -1, 1, 1, 1, 1, 1, 1, 1, 1, 1, 1, 1, 1], [0, 0, 0, 0, 0, 0, 0, 0, 0, 0, -1, 0, 0, 0, 0, 0, 0, 0, 0, 0, 0, 0], [1, 1, 1, 1, 1, 1, 1, 1, 1, 1, 1, -1, 1, 1, 1, 1, 1, 1, 1, 1, 1, 1], [0, 0, 0, 0, 0, 0, 0, 0, 0, 0, 0, 0, -1, 0, 0, 0, 0, 0, 0, 0, 0, 0], [0, 0, 0, 0, 0, 0, 0, 0, 0, 0, 0, 0, 0, -1, 0, 0, 0, 0, 0, 0, 0, 0], [1, 1, 1, 1, 1, 1, 1, 1, 1, 1, 1, 1, 1, 1, -1, 1, 1, 1, 1, 1, 1, 1], [0, 0, 0, 0, 0, 0, 0, 0, 0, 0, 0, 0, 0, 0, 0, -1, 0, 0, 0, 0, 0, 0], [1, 1, 1, 1, 1, 1, 1, 1, 1, 1, 1, 1, 1, 1, 1, 1, -1, 1, 1, 1, 1, 1], [0, 0, 0, 0, 0, 0, 0, 0, 0, 0, 0, 0, 0, 0, 0, 0, 0, -1, 0, 0, 0, 0], [1, 1, 1, 1, 1, 1, 1, 1, 1, 1, 1, 1, 1, 1, 1, 1, 1, 1, -1, 1, 1, 1], [0, 0, 0, 0, 0, 0, 0, 0, 0, 0, 0, 0, 0, 0, 0, 0, 0, 0, 0, -1, 0, 0], [2, 2, 2, 2, 2, 2, 2, 2, 2, 2, 2, 2, 2, 2, 2, 2, 2, 2, 2, 2, -1, 2], [-1, 2, 2, 2, 2, 2, 2, 2, 2, 2, 2, 2, 2, 2, 2, 2, 2, 2, 2, 2, 2, -1]], "dataset_name": "guerriero_et_al_2014b", "digraph": {"arc_count": 420, "arcs": [[0, 1, 1, 1, 1, 1, 1, 1, 1, 1, 1, 1, 1, 1, 1, 1, 1, 1, 1, 1, 1, 0], [0, 0, 1, 1, 1, 1, 1, 1, 1, 1, 1, 1, 1, 1, 1, 1, 1, 1, 1, 1, 1, 1], [0, 1, 0, 1, 1, 1, 1, 1, 1, 1, 1, 1, 1, 1, 1, 1, 1, 1, 1, 1, 1, 1], [0, 1, 1, 0, 1, 1, 1, 1, 1, 1, 1, 1, 1, 1, 1, 1, 1, 1, 1, 1, 1, 1], [0, 1, 1, 1, 0, 1, 1, 1, 1, 1, 1, 1, 1, 1, 1, 1, 1, 1, 1, 1, 1, 1], [0, 1, 1, 1, 1, 0, 1, 1, 1, 1, 1, 1, 1, 1, 1, 1, 1, 1, 1, 1, 1, 1], [0, 1, 1, 1, 1, 1, 0, 1, 1, 1, 1, 1, 1, 1, 1, 1, 1, 1, 1, 1, 1, 1], [0, 1, 1, 1, 1, 1, 1, 0, 1, 1, 1, 1, 1, 1, 1, 1, 1, 1, 1, 1, 1, 1], [0, 1, 1, 1, 1, 1, 1, 1, 0, 1, 1, 1, 1, 1, 1, 1, 1, 1, 1, 1, 1, 1], [0, 1, 1, 1, 1, 1, 1, 1, 1, 0, 1, 1, 1, 1, 1, 1, 1, 1, 1, 1, 1, 1], [0, 1, 1, 1, 1, 1, 1, 1, 1, 1, 0, 1, 1, 1, 1, 1, 1, 1, 1, 1, 1, 1], [0, 1, 1, 1, 1, 1, 1, 1, 1, 1, 1, 0, 1, 1, 1, 1, 1, 1, 1, 1, 1, 1], [0, 1, 1, 1, 1, 1, 1, 1, 1, 1, 1, 1, 0, 1, 1, 1, 1, 1, 1, 1, 1, 1], [0, 1, 1, 1, 1, 1, 1, 1, 1, 1, 1, 1, 1, 0, 1, 1, 1, 1, 1, 1, 1, 1], [0, 1, 1, 1, 1, 1, 1, 1, 1, 1, 1, 1, 1, 1, 0, 1, 1, 1, 1, 1, 1, 1], [0, 1, 1, 1, 1, 1, 1, 1, 1, 1, 1, 1, 1, 1, 1, 0, 1, 1, 1, 1, 1, 1], [0, 1, 1, 1, 1, 1, 1, 1, 1, 1, 1, 1, 1, 1, 1, 1, 0, 1, 1, 1, 1, 1], [0, 1, 1, 1, 1, 1, 1, 1, 1, 1, 1, 1, 1, 1, 1, 1, 1, 0, 1, 1, 1, 1], [0, 1, 1, 1, 1, 1, 1, 1, 1, 1, 1, 1, 1, 1, 1, 1, 1, 1, 0, 1, 1, 1], [0, 1, 1, 1, 1, 1, 1, 1, 1, 1, 1, 1, 1, 1, 1, 1, 1, 1, 1, 0, 1, 1], [0, 1, 1, 1, 1, 1, 1, 1, 1, 1, 1, 1, 1, 1, 1, 1, 1, 1, 1, 1, 0, 1], [0, 0, 0, 0, 0, 0, 0, 0, 0, 0, 0, 0, 0, 0, 0, 0, 0, 0, 0, 0, 0, 0]], "vertex_count": 22}, "distances": [[0, 57.16, 72.38, 57.84, 77.84, 69.48, 70.85, 82.09, 54.56, 88.04, 63.77, 87.39, 73.48, 68.5, 67.63, 69.23, 56.77, 70.73, 68.19, 73.6, 51.07, 0], [0, 0.0, 15.27, 13.32, 37.31, 25.85, 14.91, 28.09, 7.39, 38.47, 16.38, 40.36, 18.51, 21.29, 12.36, 25.5, 6.55, 29.76, 11.4, 18.31, 15.25, 57.16], [0, 15.27, 0.0, 21.8, 36.79, 27.11, 8.21, 18.79, 19.98, 31.54, 20.14, 35.02, 11.32, 22.0, 7.67, 26.84, 17.83, 31.24, 4.56, 10.58, 25.79, 72.38], [0, 13.32, 21.8, 0.0, 25.56, 14.28, 15.76, 24.42, 6.9, 30.92, 6.01, 31.38, 16.87, 11.24, 23.19, 13.93, 6.79, 17.6, 20.23, 17.25, 27.29, 57.84], [0, 37.31, 36.79, 25.56, 0.0, 11.49, 28.69, 22.75, 32.33, 15.75, 20.96, 12.05, 25.59, 16.16, 42.44, 11.84, 31.54, 8.02, 38.37, 26.37, 52.33, 77.84], [0, 25.85, 27.11, 14.28, 11.49, 0.0, 18.92, 18.16, 20.92, 18.8, 9.48, 17.97, 16.73, 5.17, 31.87, 8.7, 20.06, 4.19, 27.94, 17.5, 40.84, 69.48], [0, 14.91, 8.21, 15.76, 28.69, 18.92, 0.0, 13.43, 16.41, 25.09, 12.65, 27.98, 19.53, 13.84, 14.11, 18.66, 14.15, 23.03, 9.98, 18.79, 28.91, 70.85], [0, 28.09, 18.79, 24.42, 22.75, 18.16, 13.43, 0.0, 27.88, 12.96, 18.82, 17.03, 9.59, 15.51, 26.26, 18.13, 25.82, 20.88, 22.38, 9.88, 42.34, 82.09], [0, 7.39, 19.98, 6.9, 32.33, 20.92, 16.41, 27.88, 0.0, 36.25, 11.79, 37.29, 18.94, 17.2, 19.1, 20.57, 13.69, 24.43, 17.11, 19.04, 20.41, 54.56], [0, 38.47, 31.54, 30.92, 15.75, 18.8, 25.09, 12.96, 36.25, 0.0, 24.93, 4.94, 21.09, 19.74, 38.78, 19.0, 34.6, 18.86, 34.76, 21.64, 53.46, 88.04], [0, 16.38, 20.14, 6.01, 20.96, 9.48, 12.65, 18.82, 11.79, 24.93, 0.0, 25.59, 12.46, 5.42, 23.49, 9.13, 10.67, 13.41, 19.85, 13.02, 31.38, 63.77], [0, 40.36, 35.02, 31.38, 12.05, 17.97, 27.98, 17.03, 37.29, 4.94, 25.59, 0.0, 24.07, 20.18, 41.98, 18.24, 35.86, 16.94, 37.88, 24.71, 55.55, 87.39], [0, 18.51, 11.32, 16.87, 25.59, 16.73, 19.53, 9.59, 18.94, 21.09, 12.46, 24.07, 0.0, 12.01, 17.91, 16.51, 16.76, 20.65, 13.81, 19.47, 32.84, 73.48], [0, 21.29, 22.0, 11.24, 16.16, 5.17, 13.84, 15.51, 17.2, 19.74, 5.42, 20.18, 12.01, 0.0, 26.71, 4.88, 15.97, 9.36, 22.77, 12.75, 36.47, 68.5], [0, 12.36, 7.67, 23.19, 42.44, 31.87, 14.11, 26.26, 19.1, 38.78, 23.49, 41.98, 17.91, 26.71, 0.0, 31.56, 17.44, 36.07, 12.23, 17.27, 18.85, 67.63], [0, 25.5, 26.84, 13.93, 11.84, 8.7, 18.66, 18.13, 20.57, 19.0, 9.13, 18.24, 16.51, 4.88, 31.56, 0.0, 19.7, 4.5, 27.63, 17.28, 40.49, 69.23], [0, 6.55, 17.83, 6.79, 31.54, 20.06, 14.15, 25.82, 13.69, 34.6, 10.67, 35.86, 16.76, 15.97, 17.44, 19.7, 0.0, 23.77, 15.16, 16.84, 20.84, 56.77], [0, 29.76, 31.24, 17.6, 8.02, 4.19, 23.03, 20.88, 24.43, 18.86, 13.41, 16.94, 20.65, 9.36, 36.07, 4.5, 23.77, 0.0, 32.13, 21.43, 44.61, 70.73], [0, 11.4, 4.56, 20.23, 38.37, 27.94, 9.98, 22.38, 17.11, 34.76, 19.85, 37.88, 13.81, 22.77, 12.23, 27.63, 15.16, 32.13, 0.0, 13.18, 21.25, 68.19], [0, 18.31, 10.58, 17.25, 26.37, 17.5, 18.79, 9.88, 19.04, 21.64, 13.02, 24.71, 19.47, 12.75, 17.27, 17.28, 16.84, 21.43, 13.18, 0.0, 32.47, 73.6], [0, 15.25, 25.79, 27.29, 52.33, 40.84, 28.91, 42.34, 20.41, 53.46, 31.38, 55.55, 32.84, 36.47, 18.85, 40.49, 20.84, 44.61, 21.25, 32.47, 0.0, 51.07], [0, 0, 0, 0, 0, 0, 0, 0, 0, 0, 0, 0, 0, 0, 0, 0, 0, 0, 0, 0, 0, 0]], "end_depot": 21, "horizon": [0.0, 2000.0],