{"digraph": {"vertex_count": 18, "arc_count": 272, "arcs": [[0, 1, 1, 1, 1, 1, 1, 1, 1, 1, 1, 1, 1, 1, 1, 1, 1, 1], [0, 0, 1, 1, 1, 1, 1, 1, 1, 1, 1, 1, 1, 1, 1, 1, 1, 1], [0, 1, 0, 1, 1, 1, 1, 1, 1, 1, 1, 1, 1, 1, 1, 1, 1, 1], [0, 1, 1, 0, 1, 1, 1, 1, 1, 1, 1, 1, 1, 1, 1, 1, 1, 1], [0, 1, 1, 1, 0, 1, 1, 1, 1, 1, 1, 1, 1, 1, 1, 1, 1, 1], [0, 1, 1, 1, 1, 0, 1, 1, 1, 1, 1, 1, 1, 1, 1, 1, 1, 1], [0, 1, 1, 1, 1, 1, 0, 1, 1, 1, 1, 1, 1, 1, 1, 1, 1, 1], [0, 1, 1, 1, 1, 1, 1, 0, 1, 1, 1, 1, 1, 1, 1, 1, 1, 1], [0, 1, 1, 1, 1, 1, 1, 1, 0, 1, 1, 1, 1, 1, 1, 1, 1, 1], [0, 1, 1, 1, 1, 1, 1, 1, 1, 0, 1, 1, 1, 1, 1, 1, 1, 1], [0, 1, 1, 1, 1, 1, 1, 1, 1, 1, 0, 1, 1, 1, 1, 1, 1, 1], [0, 1, 1, 1, 1, 1, 1, 1, 1, 1, 1, 0, 1, 1, 1, 1, 1, 1], [0, 1, 1, 1, 1, 1, 1, 1, 1, 1, 1, 1, 0, 1, 1, 1, 1, 1], [0, 1, 1, 1, 1, 1, 1, 1, 1, 1, 1, 1, 1, 0, 1, 1, 1, 1], [0, 1, 1, 1, 1, 1, 1, 1, 1, 1, 1, 1, 1, 1, 0, 1, 1, 1], [0, 1, 1, 1, 1, 1, 1, 1, 1, 1, 1, 1, 1, 1, 1, 0, 1, 1], [0, 1, 1, 1, 1, 1, 1, 1, 1, 1, 1, 1, 1, 1, 1, 1, 0, 1], [0, 0, 0, 0, 0, 0, 0, 0, 0, 0, 0, 0, 0, 0, 0, 0, 0, 0]]}, "cluster_count": 3, "cluster_speeds": [[1.5, 1.0, 1.67, 1.17, 1.33], [1.17, 0.67, 1.33, 0.83, 1.0], [1.0, 0.33, 0.67, 0.5, 0.83]], "clusters": [[2, 1, 2, 0, 2, 0, 0, 0, 1, 2, 2, 2, 2, 0, 1, 2, 1, 0], [1, 2, 1, 1, 0, 0, 0, 1, 1, 1, 1, 2, 2, 1, 1, 1, 0, 1], [0, 0, 2, 0, 0, 0, 0, 1, 0, 2, 1, 1, 1, 0, 0, 1, 0, 1], [2, 1, 0, 1, 2, 0, 2, 1, 1, 0, 0, 0, 1, 2, 0, 1, 0, 2], [2, 0, 0, 1, 2, 0, 1, 2, 2, 2, 2, 1, 0, 2, 1, 0, 0, 2], [2, 1, 0, 1, 2, 1, 0, 0, 2, 0, 0, 0, 1, 1, 0, 2, 0, 1], [2, 0, 0, 2, 0, 2, 0, 0, 0, 0, 0, 1, 1, 2, 0, 2, 0, 2], [2, 0, 2, 0, 0, 1, 2, 2, 0, 0, 1, 2, 2, 2, 0, 1, 2, 2], [1, 2, 0, 2, 1, 1, 2, 0, 2, 2, 0, 1, 0, 2, 1, 1, 0, 0], [1, 0, 2, 0, 0, 0, 1, 0, 0, 0, 2, 0, 1, 1, 2, 2, 2, 1], [1, 2, 1, 0, 1, 1, 2, 1, 2, 2, 0, 2, 2, 1, 1, 0, 2, 0], [2, 0, 2, 1, 2, 2, 0, 1, 0, 1, 1, 0, 1, 1, 1, 0, 1, 1], [0, 1, 0, 2, 0, 2, 2, 1, 1, 1, 0, 1, 1, 2, 0, 2, 0, 1], [2, 2, 2, 0, 1, 1, 1, 2, 1, 0, 1, 1, 1, 1, 1, 2, 0, 2], [0, 0, 0, 1, 0, 0, 1, 2, 0, 2, 0, 2, 2, 1, 0, 1, 1, 0], [0, 2, 0, 1, 0, 1, 0, 1, 0, 0, 1, 2, 0, 1, 0, 1, 1, 1], [0, 0, 0, 1, 2, 2, 0, 0, 0, 2, 0, 0, 0, 0, 2, 2, 2, 0], [0, 0, 2, 0, 1, 0, 0, 0, 2, 1, 1, 1, 2, 0, 1, 2, 1, 0]], "speed_zone_count": 5, "speed_zones": [[0.0, 956.4000000000001], [956.4000000000001, 1434.6], [1434.6, 3347.3999999999996], [3347.3999999999996, 3825.6000000000004], [3825.6000000000004, 4782.0]], "distances": [[0.0, 0.0, 0.0, 0.0, 0.0, 0.0, 0.0, 0.0, 0.0, 0.0, 0.0, 0.0, 0.0, 0.0, 0.0, 0.0, 0.0, 9999999.0], [0.0, 0.0, 115.0, 122.0, 114.0, 124.0, 124.0, 124.0, 118.0, 122.0, 91.0, 107.0, 109.0, 114.0, 124.0, 120.0, 122.0, 91.0], [0.0, 70.0, 0.0, 60.0, 84.0, 70.0, 70.0, 70.0, 76.0, 60.0, 91.0, 87.0, 87.0, 85.0, 70.0, 75.0, 70.0, 60.0], [0.0, 46.0, 70.0, 0.0, 70.0, 46.0, 46.0, 46.0, 64.0, 56.0, 79.0, 74.0, 73.0, 71.0, 46.0, 60.0, 57.0, 46.0], [0.0, 340.0, 364.0, 350.0, 0.0, 340.0, 340.0, 340.0, 358.0, 350.0, 373.0, 368.0, 367.0, 365.0, 340.0, 354.0, 351.0, 340.0], [0.0, 101.0, 92.0, 99.0, 91.0, 0.0, 101.0, 101.0, 95.0, 99.0, 72.0, 84.0, 86.0, 91.0, 101.0, 97.0, 99.0, 68.0], [0.0, 71.0, 74.0, 72.0, 76.0, 71.0, 0.0, 71.0, 65.0, 72.0, 82.0, 78.0, 77.0, 76.0, 71.0, 57.0, 72.0, 53.0], [0.0, 83.0, 59.0, 83.0, 69.0, 83.0, 83.0, 0.0, 75.0, 83.0, 83.0, 75.0, 74.0, 71.0, 83.0, 80.0, 82.0, 59.0], [0.0, 62.0, 76.0, 52.0, 76.0, 62.0, 62.0, 62.0, 0.0, 52.0, 83.0, 79.0, 79.0, 77.0, 62.0, 67.0, 62.0, 52.0], [0.0, 100.0, 91.0, 98.0, 90.0, 100.0, 100.0, 100.0, 94.0, 0.0, 67.0, 83.0, 85.0, 90.0, 100.0, 96.0, 98.0, 67.0], [0.0, 79.0, 70.0, 77.0, 69.0, 79.0, 79.0, 79.0, 73.0, 77.0, 0.0, 62.0, 64.0, 69.0, 79.0, 75.0, 77.0, 46.0], [0.0, 69.0, 57.0, 69.0, 56.0, 69.0, 69.0, 69.0, 65.0, 69.0, 60.0, 0.0, 45.0, 54.0, 69.0, 66.0, 68.0, 42.0], [0.0, 64.0, 52.0, 64.0, 51.0, 64.0, 64.0, 64.0, 60.0, 64.0, 55.0, 47.0, 0.0, 49.0, 64.0, 61.0, 63.0, 37.0], [0.0, 71.0, 57.0, 71.0, 47.0, 71.0, 71.0, 71.0, 65.0, 71.0, 70.0, 62.0, 61.0, 0.0, 71.0, 70.0, 71.0, 47.0], [0.0, 77.0, 70.0, 76.0, 71.0, 77.0, 77.0, 77.0, 67.0, 76.0, 82.0, 79.0, 79.0, 74.0, 0.0, 70.0, 74.0, 56.0], [0.0, 61.0, 75.0, 51.0, 75.0, 61.0, 61.0, 61.0, 67.0, 51.0, 82.0, 78.0, 78.0, 76.0, 61.0, 0.0, 61.0, 51.0], [0.0, 47.0, 71.0, 57.0, 71.0, 47.0, 47.0, 47.0, 65.0, 57.0, 80.0, 75.0, 74.0, 72.0, 47.0, 61.0, 0.0, 47.0], [0.0, 0.0, 0.0, 0.0, 0.0, 0.0, 0.0, 0.0, 0.0, 0.0, 0.0, 0.0, 0.0, 0.0, 0.0, 0.0, 0.0, 0.0]], "time_windows": [[0.0, 1000.0], [846.0, 1146.0], [145.0, 1113.0], [457.0, 1179.0], [1018.0, 1255.0], [1009.0, 1601.0], [1645.0, 1945.0], [1756.0, 2056.0], [1225.0, 1866.0], [1396.0, 1924.0], [734.0, 1997.0], [179.0, 2065.0], [0.0, 2116.0], [1595.0, 2171.0], [1936.0, 2248.0], [1991.0, 2324.0], [1926.0, 2391.0], [0.0, 4782.0]], "start_depot": 0, "end_depot": 17, "horizon": [0.0, 4782.0]}